"Casablanca","Casablanca","33.5992","-7.6200","Morocco","MA","MAR","Casablanca-Settat","admin","4370000","1504175315"
"El Kelaa des Srarhna","El Kelaa des Srarhna","32.0500","-7.4000","Morocco","MA","MAR","Marrakech-Safi","","1450021","1504846488"
"Fès","Fes","34.0433","-5.0033","Morocco","MA","MAR","Fès-Meknès","admin","1112072","1504861997"
"Rabat","Rabat","34.0253","-6.8361","Morocco","MA","MAR","Rabat-Salé-Kénitra","primary","572717","1504023252"
"Tifariti","Tifariti","26.0928","-10.6089","Morocco","MA","MAR","Laâyoune-Sakia El Hamra","primary","","1504999990"
"Tangier","Tangier","35.7767","-5.8039","Morocco","MA","MAR","Tanger-Tétouan-Al Hoceïma","admin","947952","1504861504"
"Marrakech","Marrakech","31.6295","-7.9811","Morocco","MA","MAR","Marrakech-Safi","admin","928850","1504172585"
"Sale","Sale","34.0500","-6.8167","Morocco","MA","MAR","Rabat-Salé-Kénitra","","850403","1504989034"
"Meknès","Meknes","33.8833","-5.5500","Morocco","MA","MAR","Fès-Meknès","","520428","1504333193"
"Oujda-Angad","Oujda-Angad","34.6867","-1.9114","Morocco","MA","MAR","Oriental","admin","494252","1504891036"
"Kenitra","Kenitra","34.2500","-6.5833","Morocco","MA","MAR","Rabat-Salé-Kénitra","","431282","1504534876"
"Agadir","Agadir","30.4167","-9.5833","Morocco","MA","MAR","Souss-Massa","admin","421844","1504116858"
"Tétouan","Tetouan","35.5667","-5.3667","Morocco","MA","MAR","Tanger-Tétouan-Al Hoceïma","","380787","1504709141"
"Taourirt","Taourirt","34.4100","-2.8900","Morocco","MA","MAR","Oriental","","321876","1504648957"
"Temara","Temara","33.9234","-6.9076","Morocco","MA","MAR","Rabat-Salé-Kénitra","","313510","1504016606"
"Safi","Safi","32.2833","-9.2333","Morocco","MA","MAR","Marrakech-Safi","","308508","1504000717"
"Mohammedia","Mohammedia","33.6833","-7.3833","Morocco","MA","MAR","Casablanca-Settat","","208612","1504542634"
"El Jadid","El Jadid","33.2342","-8.5228","Morocco","MA","MAR","Casablanca-Settat","","194934","1504964063"
"Kouribga","Kouribga","32.8800","-6.9000","Morocco","MA","MAR","Béni Mellal-Khénifra","","196196","1504325928"
"Béni Mellal","Beni Mellal","32.3394","-6.3608","Morocco","MA","MAR","Béni Mellal-Khénifra","admin","192676","1504131639"
"Laâyoune","Laayoune","27.1500","-13.2000","Morocco","MA","MAR","Laâyoune-Sakia El Hamra","","188084","1504000319"
"Ait Melloul","Ait Melloul","30.3342","-9.4972","Morocco","MA","MAR","Souss-Massa","","171847","1504134516"
"Nador","Nador","35.1667","-2.9333","Morocco","MA","MAR","Oriental","","161726","1504811178"
"Taza","Taza","34.2144","-4.0088","Morocco","MA","MAR","Fès-Meknès","","148456","1504405154"
"Barrechid","Barrechid","33.2700","-7.5872","Morocco","MA","MAR","Casablanca-Settat","","136634","1504194885"
"Settat","Settat","33.0023","-7.6198","Morocco","MA","MAR","Casablanca-Settat","","142250","1504720478"
"Inezgane","Inezgane","30.3658","-9.5381","Morocco","MA","MAR","Souss-Massa","","130333","1504786674"
"Al Khmissat","Al Khmissat","33.8100","-6.0600","Morocco","MA","MAR","Rabat-Salé-Kénitra","","131542","1504079907"
"Ksar El Kebir","Ksar El Kebir","35.0000","-5.9000","Morocco","MA","MAR","Tanger-Tétouan-Al Hoceïma","","126617","1504230428"
"Mediouna","Mediouna","33.4500","-7.5100","Morocco","MA","MAR","Casablanca-Settat","","122851","1504371270"
"Larache","Larache","35.1833","-6.1500","Morocco","MA","MAR","Tanger-Tétouan-Al Hoceïma","","125008","1504637172"
"Khénifra","Khenifra","32.9300","-5.6600","Morocco","MA","MAR","Béni Mellal-Khénifra","","117510","1504143530"
"Guelmim","Guelmim","28.9833","-10.0667","Morocco","MA","MAR","Guelmim-Oued Noun","admin","118318","1504110861"
"Berkane","Berkane","34.9167","-2.3167","Morocco","MA","MAR","Oriental","","109237","1504282363"
"Al Fqih Ben Çalah","Al Fqih Ben Calah","32.6000","-6.7667","Morocco","MA","MAR","Béni Mellal-Khénifra","","102019","1504975687"
"Bouskoura","Bouskoura","33.4489","-7.6486","Morocco","MA","MAR","Casablanca-Settat","","103026","1504503306"
"Oued Zem","Oued Zem","32.8600","-6.5600","Morocco","MA","MAR","Béni Mellal-Khénifra","","95267","1504098746"
"Sidi Slimane","Sidi Slimane","34.2600","-5.9300","Morocco","MA","MAR","Rabat-Salé-Kénitra","","92989","1504101128"
"Guercif","Guercif","34.2300","-3.3600","Morocco","MA","MAR","Oriental","","90880","1504842310"
"Errachidia","Errachidia","31.9319","-4.4244","Morocco","MA","MAR","Drâa-Tafilalet","admin","92374","1504005759"
"Ben Guerir","Ben Guerir","32.2300","-7.9500","Morocco","MA","MAR","Marrakech-Safi","","88626","1504909564"
"Oulad Teïma","Oulad Teima","30.4000","-9.2100","Morocco","MA","MAR","Souss-Massa","","89387","1504278611"
"Fnidq","Fnidq","35.8414","-5.3587","Morocco","MA","MAR","Tanger-Tétouan-Al Hoceïma","","77436","1504670555"
"Sidi Qacem","Sidi Qacem","34.2100","-5.7000","Morocco","MA","MAR","Rabat-Salé-Kénitra","","75672","1504300626"
"Moulay Abdallah","Moulay Abdallah","33.1978","-8.5883","Morocco","MA","MAR","Casablanca-Settat","","74671","1504563452"
"Warzat","Warzat","30.9167","-6.9167","Morocco","MA","MAR","Drâa-Tafilalet","","71067","1504381507"
"Youssoufia","Youssoufia","32.2500","-8.5300","Morocco","MA","MAR","Marrakech-Safi","","67628","1504459034"
"Aïn Harrouda","Ain Harrouda","33.6372","-7.4483","Morocco","MA","MAR","Casablanca-Settat","","62420","1504718611"
"Martil","Martil","35.6100","-5.2700","Morocco","MA","MAR","Tanger-Tétouan-Al Hoceïma","","64355","1504341023"
"Ouezzane","Ouezzane","34.8000","-5.6000","Morocco","MA","MAR","Tanger-Tétouan-Al Hoceïma","","59606","1504736892"
"Sidi Bennour","Sidi Bennour","32.6550","-8.4292","Morocco","MA","MAR","Casablanca-Settat","","55815","1504893162"
"Sidi Yahya Zaer","Sidi Yahya Zaer","33.7105","-6.8831","Morocco","MA","MAR","Rabat-Salé-Kénitra","","57790","1504365068"
"Midalt","Midalt","32.6800","-4.7400","Morocco","MA","MAR","Drâa-Tafilalet","","55304","1504279379"
"Azrou","Azrou","33.4362","-5.2218","Morocco","MA","MAR","Fès-Meknès","","54350","1504585311"
"Al Hoceïma","Al Hoceima","35.2472","-3.9322","Morocco","MA","MAR","Tanger-Tétouan-Al Hoceïma","","56716","1504990575"
"Boujad","Boujad","32.7741","-6.3925","Morocco","MA","MAR","Béni Mellal-Khénifra","","46893","1504259447"
"Ain El Aouda","Ain El Aouda","33.8111","-6.7922","Morocco","MA","MAR","Rabat-Salé-Kénitra","","49816","1504400263"
"Qasbat Tadla","Qasbat Tadla","32.6000","-6.2600","Morocco","MA","MAR","Béni Mellal-Khénifra","","47343","1504612704"
"Beni Yakhlef","Beni Yakhlef","33.6555","-7.3221","Morocco","MA","MAR","Casablanca-Settat","","48338","1504512130"
"Azemmour","Azemmour","33.2833","-8.3333","Morocco","MA","MAR","Casablanca-Settat","","40920","1504675793"
"Mrirt","Mrirt","33.1654","-5.5634","Morocco","MA","MAR","Béni Mellal-Khénifra","","42730","1504917091"
"Jerada","Jerada","34.3100","-2.1600","Morocco","MA","MAR","Oriental","","43506","1504230609"
"El Aïoun","El Aioun","34.5853","-2.5056","Morocco","MA","MAR","Oriental","","41832","1504312724"
"Temsia","Temsia","30.3633","-9.4144","Morocco","MA","MAR","Souss-Massa","","40780","1504419242"
"Aziylal","Aziylal","31.9600","-6.5600","Morocco","MA","MAR","Béni Mellal-Khénifra","","38520","1504084050"
"Ait Ourir","Ait Ourir","31.5644","-7.6628","Morocco","MA","MAR","Marrakech-Safi","","39108","1504763448"
"Zagora","Zagora","30.3316","-5.8376","Morocco","MA","MAR","Drâa-Tafilalet","","40067","1504579638"
"Biougra","Biougra","30.2144","-9.3708","Morocco","MA","MAR","Souss-Massa","","37933","1504630552"
"Sidi Yahia El Gharb","Sidi Yahia El Gharb","34.3058","-6.3058","Morocco","MA","MAR","Rabat-Salé-Kénitra","","37979","1504994850"
"El Hajeb","El Hajeb","33.6928","-5.3711","Morocco","MA","MAR","Fès-Meknès","","35282","1504718907"
"Zaïo","Zaio","34.9396","-2.7334","Morocco","MA","MAR","Oriental","","35806","1504831853"
"Zeghanghane","Zeghanghane","35.1575","-3.0017","Morocco","MA","MAR","Oriental","","34025","1504260154"
"Tit Mellil","Tit Mellil","33.5533","-7.4822","Morocco","MA","MAR","Casablanca-Settat","","32782","1504892729"
"Mechraa Bel Ksiri","Mechraa Bel Ksiri","34.5600","-5.9500","Morocco","MA","MAR","Rabat-Salé-Kénitra","","31497","1504646910"
"Sidi Smai'il","Sidi Smai'il","32.8167","-8.5000","Morocco","MA","MAR","Casablanca-Settat","","28733","1504182456"
"Arfoud","Arfoud","31.4361","-4.2328","Morocco","MA","MAR","Drâa-Tafilalet","","29279","1504190665"
"Demnat","Demnat","31.7311","-7.0361","Morocco","MA","MAR","Béni Mellal-Khénifra","","29504","1504747424"
"Bou Arfa","Bou Arfa","32.5310","-1.9631","Morocco","MA","MAR","Oriental","","28846","1504454457"
"Mehdya","Mehdya","34.2557","-6.6745","Morocco","MA","MAR","Rabat-Salé-Kénitra","","28636","1504438304"
"Aïn Taoujdat","Ain Taoujdat","33.9333","-5.2167","Morocco","MA","MAR","Fès-Meknès","","28288","1504497923"
"Tahla","Tahla","34.0500","-4.4200","Morocco","MA","MAR","Fès-Meknès","","27729","1504092591"
"Missour","Missour","33.0500","-3.9908","Morocco","MA","MAR","Fès-Meknès","","25584","1504694053"
"Zawyat ech Cheïkh","Zawyat ech Cheikh","32.6541","-5.9214","Morocco","MA","MAR","Béni Mellal-Khénifra","","25388","1504071186"
"Oulad Tayeb","Oulad Tayeb","33.9598","-4.9954","Morocco","MA","MAR","Fès-Meknès","","24594","1504027412"
"Sidi Lmokhtar","Sidi Lmokhtar","31.5700","-9.0100","Morocco","MA","MAR","Marrakech-Safi","","22714","1504925399"
"Douar Toulal","Douar Toulal","33.8951","-5.6021","Morocco","MA","MAR","Fès-Meknès","","19077","1504858900"
"Oulad Fraj","Oulad Fraj","32.9667","-8.2333","Morocco","MA","MAR","Casablanca-Settat","","19752","1504478947"
"Ahfir","Ahfir","34.9514","-2.1025","Morocco","MA","MAR","Oriental","","19630","1504027251"
"Bou Djeniba","Bou Djeniba","32.9000","-6.7833","Morocco","MA","MAR","Béni Mellal-Khénifra","","16030","1504676510"
"Goulmima","Goulmima","31.6944","-4.9592","Morocco","MA","MAR","Drâa-Tafilalet","","16419","1504139417"
"Sidi Zouine","Sidi Zouine","31.6706","-8.3456","Morocco","MA","MAR","Marrakech-Safi","","14954","1504333871"
"Ait Yaazem","Ait Yaazem","33.7333","-5.5833","Morocco","MA","MAR","Fès-Meknès","","16091","1504697698"
"Oulad Hamdane","Oulad Hamdane","32.3333","-6.3667","Morocco","MA","MAR","Béni Mellal-Khénifra","","11577","1504839995"
"Laaouama","Laaouama","35.7167","-5.8000","Morocco","MA","MAR","Tanger-Tétouan-Al Hoceïma","","8013","1504439962"
"Targuist","Targuist","34.9402","-4.3208","Morocco","MA","MAR","Tanger-Tétouan-Al Hoceïma","","13390","1504459578"
"Bou Fekrane","Bou Fekrane","33.7571","-5.4853","Morocco","MA","MAR","Fès-Meknès","","12941","1504146532"
"El Menzel","El Menzel","33.8389","-4.5458","Morocco","MA","MAR","Fès-Meknès","","12641","1504965368"
"Oulad Ayyad","Oulad Ayyad","32.3333","-6.3833","Morocco","MA","MAR","Béni Mellal-Khénifra","","9566","1504480318"
"Ar Rommani","Ar Rommani","33.5333","-6.6000","Morocco","MA","MAR","Rabat-Salé-Kénitra","","12297","1504782261"
"Boudenib","Boudenib","31.9497","-3.6078","Morocco","MA","MAR","Drâa-Tafilalet","","11373","1504858254"
"Ain Lehjer","Ain Lehjer","34.5949","-2.3720","Morocco","MA","MAR","Oriental","","8272","1504555478"
"Oulad Ben Sebbah","Oulad Ben Sebbah","33.2692","-7.2678","Morocco","MA","MAR","Casablanca-Settat","","7606","1504748827"
"Beni Bou Yafroun","Beni Bou Yafroun","35.1536","-2.9861","Morocco","MA","MAR","Oriental","","6418","1504662210"
"Ad Dakhla","Ad Dakhla","23.7141","-15.9368","Morocco","MA","MAR","","","89292","1504999983"
"Wislane","Wislane","30.2167","-8.3833","Morocco","MA","MAR","Souss-Massa","","87910","1504929490"
"Tiflet","Tiflet","33.9000","-6.3300","Morocco","MA","MAR","Rabat-Salé-Kénitra","","86709","1504661999"
"Lqoliaa","Lqoliaa","30.2942","-9.4544","Morocco","MA","MAR","Souss-Massa","","83235","1504675410"
"Sefrou","Sefrou","33.8300","-4.8300","Morocco","MA","MAR","Fès-Meknès","","79887","1504820285"
"Taroudannt","Taroudannt","30.4711","-8.8778","Morocco","MA","MAR","Souss-Massa","","80149","1504415764"
"Essaouira","Essaouira","31.5130","-9.7687","Morocco","MA","MAR","Marrakech-Safi","","77966","1504845522"
"Ait Ali","Ait Ali","30.1739","-9.4881","Morocco","MA","MAR","Souss-Massa","","76646","1504009062"
"Tiznit","Tiznit","29.7000","-9.7269","Morocco","MA","MAR","Souss-Massa","","74699","1504399838"
"Tan-Tan","Tan-Tan","28.4333","-11.1000","Morocco","MA","MAR","Guelmim-Oued Noun","","73209","1504164174"
"Sa'ada","Sa'ada","31.6258","-8.1028","Morocco","MA","MAR","Marrakech-Safi","","67086","1504926324"
"Skhirate","Skhirate","33.8500","-7.0300","Morocco","MA","MAR","Rabat-Salé-Kénitra","","59775","1504664899"
"Benslimane","Benslimane","33.6122","-7.1211","Morocco","MA","MAR","Casablanca-Settat","","57101","1504790296"
"Beni Enzar","Beni Enzar","35.2569","-2.9342","Morocco","MA","MAR","Oriental","","56582","1504616684"
"M'diq","M'diq","35.6800","-5.3200","Morocco","MA","MAR","Tanger-Tétouan-Al Hoceïma","","56227","1504774869"
"Ad Darwa","Ad Darwa","33.4167","-7.5333","Morocco","MA","MAR","Casablanca-Settat","","47719","1504000451"
"Al Aaroui","Al Aaroui","35.0104","-3.0073","Morocco","MA","MAR","Oriental","","47599","1504779155"
"Semara","Semara","26.7333","-11.6833","Morocco","MA","MAR","Laâyoune-Sakia El Hamra","","48149","1504999984"
"Chefchaouene","Chefchaouene","35.1714","-5.2697","Morocco","MA","MAR","Tanger-Tétouan-Al Hoceïma","","42786","1504471687"
"Sidi Mohamed Lahmar","Sidi Mohamed Lahmar","34.7167","-6.2667","Morocco","MA","MAR","Rabat-Salé-Kénitra","","42637","1504538713"
"Tineghir","Tineghir","31.5147","-5.5328","Morocco","MA","MAR","Drâa-Tafilalet","","42044","1504760525"
"Zoumi","Zoumi","34.8000","-5.3500","Morocco","MA","MAR","Tanger-Tétouan-Al Hoceïma","","40661","1504309761"
"Douar Laouamra","Douar Laouamra","31.8000","-8.7167","Morocco","MA","MAR","Marrakech-Safi","","40605","1504542773"
"Sidi Bibi","Sidi Bibi","30.2333","-9.5333","Morocco","MA","MAR","Souss-Massa","","39042","1504682772"
"Taounate","Taounate","34.5358","-4.6400","Morocco","MA","MAR","Fès-Meknès","","37616","1504565730"
"Bouznika","Bouznika","33.7894","-7.1597","Morocco","MA","MAR","Casablanca-Settat","","37238","1504766743"
"Aguelmous","Aguelmous","33.1500","-5.8333","Morocco","MA","MAR","Béni Mellal-Khénifra","","35626","1504241696"
"Aourir","Aourir","30.4924","-9.6355","Morocco","MA","MAR","Souss-Massa","","36948","1504616385"
"Imzouren","Imzouren","35.1500","-3.8500","Morocco","MA","MAR","Tanger-Tétouan-Al Hoceïma","","33852","1504878608"
"Mnasra","Mnasra","34.7667","-5.5167","Morocco","MA","MAR","Tanger-Tétouan-Al Hoceïma","","34429","1504815098"
"Oulad Zemam","Oulad Zemam","32.3500","-6.6333","Morocco","MA","MAR","Béni Mellal-Khénifra","","33652","1504396811"
"Ben Ahmed","Ben Ahmed","33.0714","-7.2436","Morocco","MA","MAR","Casablanca-Settat","","33105","1504202051"
"Arbaoua","Arbaoua","34.9000","-5.9167","Morocco","MA","MAR","Rabat-Salé-Kénitra","","32690","1504079088"
"Douar Oulad Hssine","Douar Oulad Hssine","33.0681","-8.5108","Morocco","MA","MAR","Casablanca-Settat","","32130","1504473203"
"Dar Ould Zidouh","Dar Ould Zidouh","32.3429","-6.8940","Morocco","MA","MAR","Béni Mellal-Khénifra","","31170","1504900512"
"Bahharet Oulad Ayyad","Bahharet Oulad Ayyad","34.7703","-6.3047","Morocco","MA","MAR","Rabat-Salé-Kénitra","","31860","1504139256"
"Asilah","Asilah","35.4667","-6.0333","Morocco","MA","MAR","Tanger-Tétouan-Al Hoceïma","","31147","1504676037"
"Mograne","Mograne","34.4167","-6.4333","Morocco","MA","MAR","Rabat-Salé-Kénitra","","31292","1504174936"
"Lalla Mimouna","Lalla Mimouna","34.8500","-6.0669","Morocco","MA","MAR","Rabat-Salé-Kénitra","","29479","1504801532"
"Souk et Tnine Jorf el Mellah","Souk et Tnine Jorf el Mellah","34.4945","-5.5047","Morocco","MA","MAR","Rabat-Salé-Kénitra","","28681","1504332951"
"Tameslouht","Tameslouht","31.5000","-8.1000","Morocco","MA","MAR","Marrakech-Safi","","28978","1504936367"
"Chichaoua","Chichaoua","31.5333","-8.7667","Morocco","MA","MAR","Marrakech-Safi","","27869","1504125569"
"Fritissa","Fritissa","33.6167","-3.5500","Morocco","MA","MAR","Fès-Meknès","","29460","1504842954"
"Oulad Yaïch","Oulad Yaich","32.4167","-6.3333","Morocco","MA","MAR","Béni Mellal-Khénifra","","27476","1504233317"
"Taza","Taza","35.0639","-5.2025","Morocco","MA","MAR","Tanger-Tétouan-Al Hoceïma","","28713","1504253957"
"Douar Oulad Aj-jabri","Douar Oulad Aj-jabri","32.2567","-6.7839","Morocco","MA","MAR","Béni Mellal-Khénifra","","28438","1504025075"
"Oulad Hammou","Oulad Hammou","33.2500","-8.3347","Morocco","MA","MAR","Casablanca-Settat","","28449","1504007795"
"Bellaa","Bellaa","30.0314","-9.5542","Morocco","MA","MAR","Souss-Massa","","27699","1504167169"
"Dar Bel Hamri","Dar Bel Hamri","34.1889","-5.9697","Morocco","MA","MAR","Rabat-Salé-Kénitra","","28156","1504221505"
"Moulay Bousselham","Moulay Bousselham","34.8786","-6.2933","Morocco","MA","MAR","Rabat-Salé-Kénitra","","26608","1504188471"
"Ksebia","Ksebia","34.2933","-6.1594","Morocco","MA","MAR","Rabat-Salé-Kénitra","","27059","1504059620"
"Sabaa Aiyoun","Sabaa Aiyoun","33.9031","-5.3786","Morocco","MA","MAR","Fès-Meknès","","26277","1504462212"
"Tamorot","Tamorot","34.9333","-4.7833","Morocco","MA","MAR","Tanger-Tétouan-Al Hoceïma","","26748","1504592587"
"Bouknadel","Bouknadel","34.1333","-6.7333","Morocco","MA","MAR","Rabat-Salé-Kénitra","","25255","1504368806"
"Aït Faska","Ait Faska","31.5058","-7.7161","Morocco","MA","MAR","Marrakech-Safi","","26210","1504886930"
"Bourdoud","Bourdoud","34.5922","-4.5492","Morocco","MA","MAR","Fès-Meknès","","26236","1504015338"
"Boureït","Boureit","34.9833","-4.9167","Morocco","MA","MAR","Tanger-Tétouan-Al Hoceïma","","25872","1504130214"
"Oulad Barhil","Oulad Barhil","30.6408","-8.4750","Morocco","MA","MAR","Souss-Massa","","24288","1504160582"
"Oulad Said","Oulad Said","32.6320","-8.8456","Morocco","MA","MAR","Casablanca-Settat","","25650","1504360657"
"Lamzoudia","Lamzoudia","31.5833","-8.4833","Morocco","MA","MAR","Marrakech-Safi","","25674","1504553058"
"Ain Aicha","Ain Aicha","34.4833","-4.7000","Morocco","MA","MAR","Fès-Meknès","","25417","1504818592"
"El Ghiate","El Ghiate","32.0331","-9.1625","Morocco","MA","MAR","Marrakech-Safi","","25162","1504222954"
"Safsaf","Safsaf","34.5581","-6.0078","Morocco","MA","MAR","Rabat-Salé-Kénitra","","25075","1504872939"
"Echemmaia Est","Echemmaia Est","32.0706","-8.6533","Morocco","MA","MAR","Marrakech-Safi","","24303","1504437117"
"Ouaoula","Ouaoula","31.8667","-6.7500","Morocco","MA","MAR","Béni Mellal-Khénifra","","24790","1504340462"
"Douar Olad. Salem","Douar Olad. Salem","32.8739","-8.8589","Morocco","MA","MAR","Casablanca-Settat","","24775","1504813232"
"Douar 'Ayn Dfali","Douar 'Ayn Dfali","33.9500","-4.4500","Morocco","MA","MAR","Fès-Meknès","","24241","1504477105"
"Skoura","Skoura","31.0672","-6.5397","Morocco","MA","MAR","Drâa-Tafilalet","","24055","1504320897"
"Setti Fatma","Setti Fatma","31.2256","-7.6758","Morocco","MA","MAR","Marrakech-Safi","","24129","1504468462"
"Gueznaia","Gueznaia","35.7200","-5.8940","Morocco","MA","MAR","Tanger-Tétouan-Al Hoceïma","","23601","1504255211"
"Zawyat an Nwaçer","Zawyat an Nwacer","33.3611","-7.6114","Morocco","MA","MAR","Casablanca-Settat","","23802","1504451401"
"Khenichet-sur Ouerrha","Khenichet-sur Ouerrha","34.4383","-5.6844","Morocco","MA","MAR","Rabat-Salé-Kénitra","","23707","1504817862"
"Douar Ouled Ayad","Douar Ouled Ayad","32.4167","-7.1000","Morocco","MA","MAR","Casablanca-Settat","","23818","1504223555"
"Oulad Hassoune","Oulad Hassoune","31.6503","-7.8361","Morocco","MA","MAR","Marrakech-Safi","","23475","1504841903"
"Ayt Mohamed","Ayt Mohamed","32.5641","-6.9760","Morocco","MA","MAR","Béni Mellal-Khénifra","","23696","1504703331"
"Bni Frassen","Bni Frassen","34.3819","-4.3761","Morocco","MA","MAR","Fès-Meknès","","23429","1504574079"
"Tighedouine","Tighedouine","31.4236","-7.5208","Morocco","MA","MAR","Marrakech-Safi","","22971","1504874700"
"Sidi Ifni","Sidi Ifni","29.3833","-10.1667","Morocco","MA","MAR","Guelmim-Oued Noun","","21618","1504270532"
"Alnif","Alnif","31.1169","-5.1737","Morocco","MA","MAR","Drâa-Tafilalet","","22724","1504225472"
"Souk Tlet El Gharb","Souk Tlet El Gharb","34.6211","-6.1336","Morocco","MA","MAR","Rabat-Salé-Kénitra","","22554","1504595315"
"Afourar","Afourar","32.2083","-6.5403","Morocco","MA","MAR","Béni Mellal-Khénifra","","21382","1504710376"
"Selouane","Selouane","35.0708","-2.9392","Morocco","MA","MAR","Oriental","","21570","1504039594"
"Imi-n-Tanout","Imi-n-Tanout","31.1770","-8.8504","Morocco","MA","MAR","Marrakech-Safi","","20837","1504593970"
"El Ksiba","El Ksiba","32.5681","-6.0308","Morocco","MA","MAR","Béni Mellal-Khénifra","","20001","1504390061"
"Tidili Masfiywat","Tidili Masfiywat","31.4500","-7.6000","Morocco","MA","MAR","Marrakech-Safi","","21706","1504563620"
"Amizmiz","Amizmiz","31.2100","-8.2500","Morocco","MA","MAR","Marrakech-Safi","","21445","1504971543"
"Tamgrout","Tamgrout","30.2612","-5.6820","Morocco","MA","MAR","Drâa-Tafilalet","","21603","1504571275"
"Sidi Rahal","Sidi Rahal","33.4720","-7.9570","Morocco","MA","MAR","Casablanca-Settat","","20628","1504637195"
"Asni","Asni","31.2500","-7.9792","Morocco","MA","MAR","Marrakech-Safi","","21244","1504093117"
"Oulad Embarek","Oulad Embarek","32.2878","-6.4328","Morocco","MA","MAR","Béni Mellal-Khénifra","","19774","1504452976"
"Al Brouj","Al Brouj","32.5131","-7.1957","Morocco","MA","MAR","Casablanca-Settat","","19235","1504448147"
"Imi n'Oulaoun","Imi n'Oulaoun","31.3094","-6.4992","Morocco","MA","MAR","Drâa-Tafilalet","","21061","1504402350"
"Saka","Saka","34.6167","-3.4167","Morocco","MA","MAR","Oriental","","21048","1504711196"
"Bni Rzine","Bni Rzine","35.0108","-4.7262","Morocco","MA","MAR","Tanger-Tétouan-Al Hoceïma","","20904","1504313733"
"Sidi Chiker","Sidi Chiker","31.7453","-8.7069","Morocco","MA","MAR","Marrakech-Safi","","20658","1504682316"
"Douar Lamrabih","Douar Lamrabih","34.8167","-5.8167","Morocco","MA","MAR","Rabat-Salé-Kénitra","","20461","1504888923"
"Sidi Jaber","Sidi Jaber","32.3833","-6.4167","Morocco","MA","MAR","Béni Mellal-Khénifra","","20432","1504230672"
"Station des Essais M.V.A.","Station des Essais M.V.A.","34.9134","-2.5117","Morocco","MA","MAR","Oriental","","20513","1504298109"
"Aïn Cheggag","Ain Cheggag","33.8833","-5.0333","Morocco","MA","MAR","Fès-Meknès","","20456","1504540865"
"Jdour","Jdour","32.1269","-8.7633","Morocco","MA","MAR","Marrakech-Safi","","20239","1504892254"
"Imouzzer Kandar","Imouzzer Kandar","33.7300","-5.0100","Morocco","MA","MAR","Fès-Meknès","","19125","1504932203"
"'Ali Ben Sliman","'Ali Ben Sliman","31.9053","-7.2144","Morocco","MA","MAR","Marrakech-Safi","","19977","1504127885"
"El Mansouria","El Mansouria","33.7500","-7.3000","Morocco","MA","MAR","Casablanca-Settat","","19853","1504714536"
"Tarhzirt","Tarhzirt","32.4333","-6.1833","Morocco","MA","MAR","Béni Mellal-Khénifra","","19936","1504643080"
"Had Zraqtane","Had Zraqtane","31.4447","-7.3922","Morocco","MA","MAR","Marrakech-Safi","","19926","1504613352"
"Aït Tamlil","Ait Tamlil","31.4800","-6.9400","Morocco","MA","MAR","Béni Mellal-Khénifra","","19930","1504250838"
"Zaouïa Aït Ishak","Zaouia Ait Ishak","32.7600","-5.7233","Morocco","MA","MAR","Béni Mellal-Khénifra","","19133","1504322304"
"Jnane Bouih","Jnane Bouih","32.0308","-8.7894","Morocco","MA","MAR","Marrakech-Safi","","19706","1504889186"
"Oulad Salmane","Oulad Salmane","34.3356","-6.4603","Morocco","MA","MAR","Rabat-Salé-Kénitra","","19488","1504113014"
"Ait Bousarane","Ait Bousarane","31.7917","-7.0926","Morocco","MA","MAR","Béni Mellal-Khénifra","","19501","1504791291"
"Sebt Gzoula","Sebt Gzoula","32.1219","-9.0889","Morocco","MA","MAR","Marrakech-Safi","","18543","1504003595"
"Sidi Redouane","Sidi Redouane","34.6869","-5.4454","Morocco","MA","MAR","Tanger-Tétouan-Al Hoceïma","","19169","1504580531"
"Karia Ba Mohamed","Karia Ba Mohamed","34.3667","-5.2000","Morocco","MA","MAR","Fès-Meknès","","18762","1504442421"
"Ait Ben Daoudi","Ait Ben Daoudi","31.6345","-7.6440","Morocco","MA","MAR","Marrakech-Safi","","18976","1504718613"
"Beni Zouli","Beni Zouli","30.4839","-5.8619","Morocco","MA","MAR","Drâa-Tafilalet","","18941","1504549752"
"Oulmes","Oulmes","33.4167","-6.0167","Morocco","MA","MAR","Rabat-Salé-Kénitra","","18786","1504050150"
"Jbabra","Jbabra","34.4314","-4.9642","Morocco","MA","MAR","Fès-Meknès","","18592","1504581289"
"Sidi Allal Tazi","Sidi Allal Tazi","34.5197","-6.3236","Morocco","MA","MAR","Rabat-Salé-Kénitra","","18055","1504240446"
"Tamri","Tamri","30.6950","-9.8250","Morocco","MA","MAR","Souss-Massa","","18577","1504501049"
"Tata","Tata","29.7428","-7.9725","Morocco","MA","MAR","Souss-Massa","","18611","1504497241"
"Chouafaa","Chouafaa","34.7667","-6.0500","Morocco","MA","MAR","Rabat-Salé-Kénitra","","18436","1504441282"
"Foum el Anser","Foum el Anser","32.3717","-6.2614","Morocco","MA","MAR","Béni Mellal-Khénifra","","18412","1504049816"
"Lamrasla","Lamrasla","32.0247","-8.9153","Morocco","MA","MAR","Marrakech-Safi","","18335","1504000483"
"Aït Bouchta","Ait Bouchta","35.1056","-3.8503","Morocco","MA","MAR","Tanger-Tétouan-Al Hoceïma","","18271","1504367001"
"Ribat Al Khayr","Ribat Al Khayr","33.8200","-4.4100","Morocco","MA","MAR","Fès-Meknès","","16739","1504387842"
"Bouarouss","Bouarouss","34.3600","-4.8100","Morocco","MA","MAR","Fès-Meknès","","18147","1504643537"
"Ikniwn","Ikniwn","31.1717","-5.6489","Morocco","MA","MAR","Drâa-Tafilalet","","18235","1504281850"
"Ghouazi","Ghouazi","34.4667","-5.3000","Morocco","MA","MAR","Fès-Meknès","","18081","1504717727"
"Outat Oulad Al Haj","Outat Oulad Al Haj","33.3335","-3.7077","Morocco","MA","MAR","Fès-Meknès","","16388","1504806480"
"Al Qbab","Al Qbab","32.7333","-5.5167","Morocco","MA","MAR","Béni Mellal-Khénifra","","16157","1504689479"
"Douar Oulad Mbarek","Douar Oulad Mbarek","34.2833","-4.3167","Morocco","MA","MAR","Fès-Meknès","","17747","1504643299"
"Qal'at Mgouna","Qal'at Mgouna","31.2414","-6.1283","Morocco","MA","MAR","Drâa-Tafilalet","","16956","1504989758"
"Laatatra","Laatatra","32.6314","-8.4147","Morocco","MA","MAR","Casablanca-Settat","","17593","1504800245"
"Aït Majdane","Ait Majdane","31.8514","-6.9658","Morocco","MA","MAR","Béni Mellal-Khénifra","","17572","1504617199"
"Agourai","Agourai","33.6333","-5.5833","Morocco","MA","MAR","Fès-Meknès","","16651","1504734608"
"Awlouz","Awlouz","30.7000","-8.1500","Morocco","MA","MAR","Souss-Massa","","17409","1504521135"
"Sahel","Sahel","34.9667","-4.5500","Morocco","MA","MAR","Tanger-Tétouan-Al Hoceïma","","17496","1504781617"
"Ketama","Ketama","34.9158","-4.5686","Morocco","MA","MAR","Tanger-Tétouan-Al Hoceïma","","17351","1504947642"
"Dar Chaifat","Dar Chaifat","32.5500","-7.5000","Morocco","MA","MAR","Casablanca-Settat","","17454","1504290821"
"Galaz","Galaz","34.5442","-4.8036","Morocco","MA","MAR","Fès-Meknès","","17333","1504676326"
"Milla'ab","Milla'ab","31.4737","-4.7424","Morocco","MA","MAR","Drâa-Tafilalet","","17360","1504537795"
"Talsint","Talsint","32.5353","-3.4481","Morocco","MA","MAR","Oriental","","16166","1504691780"
"Tamallalt","Tamallalt","31.8288","-7.5262","Morocco","MA","MAR","Marrakech-Safi","","16539","1504009378"
"Sidi Yakoub","Sidi Yakoub","31.6667","-7.0667","Morocco","MA","MAR","Béni Mellal-Khénifra","","17054","1504968095"
"Tagounite","Tagounite","29.9833","-5.5667","Morocco","MA","MAR","Drâa-Tafilalet","","17103","1504500189"
"Knemis Dades","Knemis Dades","31.3090","-6.0280","Morocco","MA","MAR","Drâa-Tafilalet","","17045","1504000136"
"Oulad Amrane","Oulad Amrane","32.2833","-9.2333","Morocco","MA","MAR","Marrakech-Safi","","16979","1504791859"
"Ratba","Ratba","34.7833","-4.9333","Morocco","MA","MAR","Fès-Meknès","","16825","1504991654"
"Ouaouzgane","Ouaouzgane","35.0167","-4.5167","Morocco","MA","MAR","Tanger-Tétouan-Al Hoceïma","","16772","1504425512"
"Sidi Lamine","Sidi Lamine","32.9000","-6.0500","Morocco","MA","MAR","Béni Mellal-Khénifra","","16808","1504670404"
"Douar Tabouda","Douar Tabouda","34.7167","-5.1333","Morocco","MA","MAR","Fès-Meknès","","16618","1504107473"
"Sidi Ettiji","Sidi Ettiji","32.1594","-8.8267","Morocco","MA","MAR","Marrakech-Safi","","16649","1504984837"
"Zirara","Zirara","32.3500","-8.5333","Morocco","MA","MAR","Casablanca-Settat","","16606","1504681558"
"Tirhassaline","Tirhassaline","32.7822","-5.6517","Morocco","MA","MAR","Béni Mellal-Khénifra","","15204","1504798306"
"Douar Azla","Douar Azla","35.5564","-5.2453","Morocco","MA","MAR","Tanger-Tétouan-Al Hoceïma","","16128","1504601982"
"Timezgana","Timezgana","34.5833","-4.7333","Morocco","MA","MAR","Fès-Meknès","","16172","1504420273"
"'Ayn Bni Mathar","'Ayn Bni Mathar","34.0889","-2.0247","Morocco","MA","MAR","Oriental","","16289","1504845272"
"Zegzel","Zegzel","34.8407","-2.3543","Morocco","MA","MAR","Oriental","","16137","1504844688"
"Bouchabel","Bouchabel","34.3833","-5.0167","Morocco","MA","MAR","Fès-Meknès","","16084","1504000782"
"Masmouda","Masmouda","34.7861","-5.7078","Morocco","MA","MAR","Tanger-Tétouan-Al Hoceïma","","16106","1504193768"
"Skhour Rehamna","Skhour Rehamna","32.4833","-7.9167","Morocco","MA","MAR","Marrakech-Safi","","15479","1504150525"
"Bni Tajjit","Bni Tajjit","32.3000","-3.4500","Morocco","MA","MAR","Oriental","","16149","1504670713"
"Bni Quolla","Bni Quolla","34.7381","-5.5442","Morocco","MA","MAR","Tanger-Tétouan-Al Hoceïma","","16049","1504770766"
"Khat Azakane","Khat Azakane","32.2226","-9.1343","Morocco","MA","MAR","Marrakech-Safi","","16014","1504377421"
"L'Oulja","L'Oulja","34.2894","-4.9481","Morocco","MA","MAR","Fès-Meknès","","15956","1504438935"
"Haddada","Haddada","34.2220","-6.5110","Morocco","MA","MAR","Rabat-Salé-Kénitra","","15898","1504933242"
"Aïn Mediouna","Ain Mediouna","34.5000","-4.5500","Morocco","MA","MAR","Fès-Meknès","","15770","1504603767"
"Ezzhiliga","Ezzhiliga","33.3000","-6.5333","Morocco","MA","MAR","Rabat-Salé-Kénitra","","15430","1504882785"
"Tamazouzt","Tamazouzt","31.3833","-8.3833","Morocco","MA","MAR","Marrakech-Safi","","15846","1504120032"
"Sidi Allal el Bahraoui","Sidi Allal el Bahraoui","33.9830","-6.4170","Morocco","MA","MAR","Rabat-Salé-Kénitra","","15866","1504503519"
"Ait Yazza","Ait Yazza","30.5063","-8.7931","Morocco","MA","MAR","Souss-Massa","","14259","1504675685"
"Ras el Oued","Ras el Oued","34.1500","-4.0000","Morocco","MA","MAR","Fès-Meknès","","15778","1504000629"
"Aç-çahrij","Ac-cahrij","31.7914","-7.1475","Morocco","MA","MAR","Marrakech-Safi","","15385","1504655221"
"Wawizaght","Wawizaght","32.1600","-6.3500","Morocco","MA","MAR","Béni Mellal-Khénifra","","14570","1504619132"
"Ifrane","Ifrane","33.5333","-5.1167","Morocco","MA","MAR","Fès-Meknès","","14659","1504656119"
"Madagh","Madagh","35.0133","-2.3397","Morocco","MA","MAR","Oriental","","14486","1504000835"
"Anazzou","Anazzou","30.6333","-8.0500","Morocco","MA","MAR","Souss-Massa","","15429","1504693352"
"Moul El Bergui","Moul El Bergui","32.5113","-8.9849","Morocco","MA","MAR","Marrakech-Safi","","15342","1504152809"
"Tendrara","Tendrara","33.0500","-2.0000","Morocco","MA","MAR","Oriental","","15390","1504340310"
"Oulad Bou Rahmoun","Oulad Bou Rahmoun","32.2953","-6.6669","Morocco","MA","MAR","Béni Mellal-Khénifra","","15113","1504264037"
"Driouch","Driouch","34.8665","-3.4223","Morocco","MA","MAR","Oriental","","14741","1504125393"
"Tazert","Tazert","31.6597","-7.4092","Morocco","MA","MAR","Marrakech-Safi","","15243","1504394144"
"Aïn Jemaa","Ain Jemaa","34.0333","-5.8000","Morocco","MA","MAR","Fès-Meknès","","15265","1504158964"
"Sabbah","Sabbah","33.8036","-7.0372","Morocco","MA","MAR","Rabat-Salé-Kénitra","","15029","1504883472"
"Ben Taieb","Ben Taieb","35.0428","-3.4572","Morocco","MA","MAR","Oriental","","14257","1504783487"
"Tazzarine","Tazzarine","30.7802","-5.5663","Morocco","MA","MAR","Drâa-Tafilalet","","15169","1504777093"
"Midar","Midar","34.9402","-3.5331","Morocco","MA","MAR","Oriental","","15021","1504267844"
"Oued Jdida","Oued Jdida","33.9333","-5.3667","Morocco","MA","MAR","Fès-Meknès","","14935","1504052620"
"Esbiaat","Esbiaat","32.2044","-8.5608","Morocco","MA","MAR","Marrakech-Safi","","14986","1504764211"
"Douar Souk L‘qolla","Douar Souk L`qolla","35.0717","-5.5703","Morocco","MA","MAR","Tanger-Tétouan-Al Hoceïma","","14965","1504031338"
"Aghbal","Aghbal","34.9394","-2.1272","Morocco","MA","MAR","Oriental","","14908","1504000927"
"Tabant","Tabant","31.6581","-6.4200","Morocco","MA","MAR","Béni Mellal-Khénifra","","14963","1504160916"
"Bni Darkoul","Bni Darkoul","35.0563","-5.0688","Morocco","MA","MAR","Tanger-Tétouan-Al Hoceïma","","14779","1504747977"
"Gourrama","Gourrama","32.3375","-4.0761","Morocco","MA","MAR","Drâa-Tafilalet","","14927","1504780592"
"Bhalil","Bhalil","33.8500","-4.8667","Morocco","MA","MAR","Fès-Meknès","","12997","1504827842"
"Nzalat Laadam","Nzalat Laadam","32.0806","-7.9300","Morocco","MA","MAR","Marrakech-Safi","","14838","1504318940"
"Ighrem n'Ougdal","Ighrem n'Ougdal","31.2282","-7.4237","Morocco","MA","MAR","Drâa-Tafilalet","","14804","1504078159"
"Oulad Driss","Oulad Driss","31.9536","-8.2053","Morocco","MA","MAR","Marrakech-Safi","","14716","1504026756"
"Zemamra","Zemamra","32.6215","-8.7022","Morocco","MA","MAR","Casablanca-Settat","","13279","1504256384"
"Ayt 'Attou ou L'Arbi","Ayt 'Attou ou L'Arbi","31.5456","-8.2967","Morocco","MA","MAR","Marrakech-Safi","","14544","1504796196"
"Boula'wane","Boula'wane","32.8599","-8.0556","Morocco","MA","MAR","Casablanca-Settat","","14485","1504484491"
"Bezou","Bezou","32.0917","-7.0479","Morocco","MA","MAR","Béni Mellal-Khénifra","","14072","1504408285"
"Sidi Azzouz","Sidi Azzouz","31.7667","-7.6667","Morocco","MA","MAR","Marrakech-Safi","","14356","1504893148"
"Ourtzagh","Ourtzagh","34.5500","-4.9333","Morocco","MA","MAR","Fès-Meknès","","14381","1504945412"
"Zemrane","Zemrane","31.5339","-8.2672","Morocco","MA","MAR","Marrakech-Safi","","14338","1504983059"
"Tagalft","Tagalft","32.2381","-6.1194","Morocco","MA","MAR","Béni Mellal-Khénifra","","14423","1504338163"
"Temsamane","Temsamane","35.1167","-3.6333","Morocco","MA","MAR","Oriental","","13920","1504304960"
"Tounfit","Tounfit","32.4658","-5.2494","Morocco","MA","MAR","Drâa-Tafilalet","","13297","1504650500"
"Ihaddadene","Ihaddadene","31.2000","-9.6500","Morocco","MA","MAR","Marrakech-Safi","","14345","1504932139"
"Zaouiat Moulay Bouchta El Khammar","Zaouiat Moulay Bouchta El Khammar","34.4833","-5.1167","Morocco","MA","MAR","Fès-Meknès","","14347","1504234234"
"Tafrant","Tafrant","34.6250","-5.1242","Morocco","MA","MAR","Fès-Meknès","","14246","1504722056"
"Douar Hammadi","Douar Hammadi","31.6000","-8.4667","Morocco","MA","MAR","Marrakech-Safi","","14227","1504604687"
"Bou Izakarn","Bou Izakarn","29.1754","-9.7064","Morocco","MA","MAR","Guelmim-Oued Noun","","14228","1504787076"
"Zayda","Zayda","32.8167","-4.9500","Morocco","MA","MAR","Drâa-Tafilalet","","13181","1504467977"
"Sidi Abdelkarim","Sidi Abdelkarim","33.1869","-7.2333","Morocco","MA","MAR","Casablanca-Settat","","14037","1504411270"
"Talwat","Talwat","31.2883","-7.2372","Morocco","MA","MAR","Drâa-Tafilalet","","14060","1504140319"
"Oulad Chikh","Oulad Chikh","32.8544","-7.5386","Morocco","MA","MAR","Casablanca-Settat","","13866","1504262708"
"Khmis Sidi al 'Aydi","Khmis Sidi al 'Aydi","33.1228","-7.6219","Morocco","MA","MAR","Casablanca-Settat","","13839","1504059482"
"Douar Lehgagcha","Douar Lehgagcha","32.5500","-8.7167","Morocco","MA","MAR","Casablanca-Settat","","13748","1504017254"
"Tamsaout","Tamsaout","29.5374","-8.8584","Morocco","MA","MAR","Souss-Massa","","13711","1504846802"
"Aghbala","Aghbala","32.4806","-5.6450","Morocco","MA","MAR","Béni Mellal-Khénifra","","12781","1504000722"
"Sidi Yahia","Sidi Yahia","30.4969","-8.8211","Morocco","MA","MAR","Souss-Massa","","11955","1504503193"
"Mqam at Tolba","Mqam at Tolba","33.9375","-6.2544","Morocco","MA","MAR","Rabat-Salé-Kénitra","","13503","1504020296"
"Kissane Ltouqi","Kissane Ltouqi","34.6000","-5.0833","Morocco","MA","MAR","Fès-Meknès","","13390","1504247609"
"Tahannawt","Tahannawt","31.3514","-7.9508","Morocco","MA","MAR","Marrakech-Safi","","12102","1504266057"
"Reggada","Reggada","29.5716","-9.6972","Morocco","MA","MAR","Souss-Massa","","13284","1504921230"
"El Kansera","El Kansera","34.0419","-5.9272","Morocco","MA","MAR","Rabat-Salé-Kénitra","","13209","1504142817"
"Asjen","Asjen","34.8500","-5.6167","Morocco","MA","MAR","Tanger-Tétouan-Al Hoceïma","","13139","1504066835"
"Ksar Sghir","Ksar Sghir","35.8419","-5.5586","Morocco","MA","MAR","Tanger-Tétouan-Al Hoceïma","","12997","1504919377"
"Sebt Bni Garfett","Sebt Bni Garfett","35.2500","-5.8333","Morocco","MA","MAR","Tanger-Tétouan-Al Hoceïma","","12994","1504641834"
"Oulad Rahmoun","Oulad Rahmoun","32.3278","-6.5006","Morocco","MA","MAR","Béni Mellal-Khénifra","","12720","1504810043"
"Bni Khloug","Bni Khloug","32.6500","-7.3833","Morocco","MA","MAR","Casablanca-Settat","","12930","1504624308"
"Bou Adel","Bou Adel","34.5428","-4.5075","Morocco","MA","MAR","Fès-Meknès","","12684","1504793576"
"Guisser","Guisser","32.7721","-7.4942","Morocco","MA","MAR","Casablanca-Settat","","12289","1504348253"
"Tizgane","Tizgane","35.4136","-5.0694","Morocco","MA","MAR","Tanger-Tétouan-Al Hoceïma","","12773","1504806808"
"Kasba Tanora","Kasba Tanora","32.4750","-6.1497","Morocco","MA","MAR","Béni Mellal-Khénifra","","12783","1504367360"
"Souakene","Souakene","35.1167","-5.9500","Morocco","MA","MAR","Tanger-Tétouan-Al Hoceïma","","12632","1504734379"
"Teroual","Teroual","34.6745","-5.2733","Morocco","MA","MAR","Tanger-Tétouan-Al Hoceïma","","12621","1504418024"
"Oulad Ouchchih","Oulad Ouchchih","35.0939","-5.9453","Morocco","MA","MAR","Tanger-Tétouan-Al Hoceïma","","12608","1504064976"
"Laamarna","Laamarna","31.8944","-8.9842","Morocco","MA","MAR","Marrakech-Safi","","12717","1504140780"
"Zag","Zag","28.0167","-9.3333","Morocco","MA","MAR","Guelmim-Oued Noun","","12763","1504746689"
"Ounagha","Ounagha","31.5336","-9.5536","Morocco","MA","MAR","Marrakech-Safi","","12461","1504589161"
"Aït Youssef Ou Ali","Ait Youssef Ou Ali","31.9833","-5.7833","Morocco","MA","MAR","Drâa-Tafilalet","","12673","1504087117"
"Zawiat Moulay Brahim","Zawiat Moulay Brahim","31.2858","-7.9656","Morocco","MA","MAR","Marrakech-Safi","","11813","1504818335"
"Bni Drar","Bni Drar","34.8281","-1.9936","Morocco","MA","MAR","Oriental","","10934","1504593239"
"Jaidte Lbatma","Jaidte Lbatma","31.6806","-7.7281","Morocco","MA","MAR","Marrakech-Safi","","12330","1504017587"
"Boumalne","Boumalne","31.3738","-5.9956","Morocco","MA","MAR","Drâa-Tafilalet","","12328","1504840361"
"Oulad Aïssa","Oulad Aissa","30.5580","-8.6140","Morocco","MA","MAR","Souss-Massa","","12331","1504718030"
"Oulad Fares","Oulad Fares","35.5167","-5.9333","Morocco","MA","MAR","Tanger-Tétouan-Al Hoceïma","","12341","1504046403"
"Oulad Amrane el Mekki","Oulad Amrane el Mekki","35.2167","-5.9667","Morocco","MA","MAR","Tanger-Tétouan-Al Hoceïma","","12252","1504220156"
"Gharbia","Gharbia","35.5153","-5.9306","Morocco","MA","MAR","Tanger-Tétouan-Al Hoceïma","","12274","1504656773"
"Nkheila","Nkheila","32.9572","-7.0731","Morocco","MA","MAR","Casablanca-Settat","","12306","1504638850"
"Tissa","Tissa","34.2833","-4.6667","Morocco","MA","MAR","Fès-Meknès","","11195","1504017756"
"Ain Kansara","Ain Kansara","34.1500","-4.8314","Morocco","MA","MAR","Fès-Meknès","","12291","1504724133"
"Malloussa","Malloussa","35.7369","-5.6319","Morocco","MA","MAR","Tanger-Tétouan-Al Hoceïma","","12250","1504867364"
"Aj Jourf","Aj Jourf","31.4903","-4.4014","Morocco","MA","MAR","Drâa-Tafilalet","","12302","1504982069"
"Steha","Steha","35.3646","-4.9306","Morocco","MA","MAR","Tanger-Tétouan-Al Hoceïma","","12034","1504350850"
"Mayate","Mayate","32.2719","-7.5250","Morocco","MA","MAR","Marrakech-Safi","","12101","1504516626"
"Oulad Daoud","Oulad Daoud","34.4058","-4.6939","Morocco","MA","MAR","Fès-Meknès","","11978","1504977021"
"Souq Jamaa Fdalate","Souq Jamaa Fdalate","33.5911","-7.2792","Morocco","MA","MAR","Casablanca-Settat","","11966","1504280232"
"Al Fayd","Al Fayd","30.6167","-8.2167","Morocco","MA","MAR","Souss-Massa","","12011","1504770478"
"Ain Beida","Ain Beida","31.5850","-8.6080","Morocco","MA","MAR","Marrakech-Safi","","11978","1504673651"
"El Arba Des Bir Lenni","El Arba Des Bir Lenni","34.3272","-4.2039","Morocco","MA","MAR","Fès-Meknès","","11866","1504816982"
"Matmata","Matmata","34.0945","-4.4842","Morocco","MA","MAR","Fès-Meknès","","11928","1504966128"
"Aït I'yach","Ait I'yach","32.6908","-4.9292","Morocco","MA","MAR","Drâa-Tafilalet","","11946","1504002583"
"Tizi Nisly","Tizi Nisly","32.4667","-5.7667","Morocco","MA","MAR","Béni Mellal-Khénifra","","11918","1504779871"
"Sidi Amer El Hadi","Sidi Amer El Hadi","34.7992","-5.8394","Morocco","MA","MAR","Rabat-Salé-Kénitra","","11814","1504103648"
"Moulay Driss Zerhoun","Moulay Driss Zerhoun","34.0559","-5.5183","Morocco","MA","MAR","Fès-Meknès","","11615","1504880171"
"Tifni","Tifni","31.6281","-6.9444","Morocco","MA","MAR","Béni Mellal-Khénifra","","11760","1504629455"
"Al M'aziz","Al M'aziz","33.7039","-6.3400","Morocco","MA","MAR","Rabat-Salé-Kénitra","","11502","1504103308"
"Tamezmout","Tamezmout","30.8075","-6.1142","Morocco","MA","MAR","Drâa-Tafilalet","","11697","1504920011"
"Oulad Friha","Oulad Friha","32.6108","-7.6250","Morocco","MA","MAR","Casablanca-Settat","","11581","1504629949"
"Sidi Moussa Ben Ali","Sidi Moussa Ben Ali","33.5594","-7.3817","Morocco","MA","MAR","Casablanca-Settat","","11445","1504600250"
"Jamaat Shaim","Jamaat Shaim","32.3500","-8.8500","Morocco","MA","MAR","Marrakech-Safi","","11251","1504695746"
"Sidi Kasem","Sidi Kasem","35.5339","-5.2183","Morocco","MA","MAR","Tanger-Tétouan-Al Hoceïma","","11537","1504343854"
"Derdara","Derdara","35.1167","-5.2833","Morocco","MA","MAR","Tanger-Tétouan-Al Hoceïma","","11547","1504274445"
"Dzouz","Dzouz","31.8697","-7.3097","Morocco","MA","MAR","Marrakech-Safi","","11501","1504484074"
"Timahdit","Timahdit","33.2369","-5.0600","Morocco","MA","MAR","Fès-Meknès","","10945","1504460788"
"Tawnza","Tawnza","32.0944","-6.6025","Morocco","MA","MAR","Béni Mellal-Khénifra","","11488","1504959614"
"Bouabout","Bouabout","31.2655","-9.1786","Morocco","MA","MAR","Marrakech-Safi","","11494","1504119259"
"Douar Trougout","Douar Trougout","35.1797","-3.7714","Morocco","MA","MAR","Oriental","","11458","1504618230"
"El Khemis des Beni Chegdal","El Khemis des Beni Chegdal","32.4442","-6.9550","Morocco","MA","MAR","Béni Mellal-Khénifra","","11444","1504549116"
"Lahfayr","Lahfayr","30.5700","-8.4878","Morocco","MA","MAR","Souss-Massa","","11374","1504992138"
"Ain Legdah","Ain Legdah","34.1667","-4.5000","Morocco","MA","MAR","Fès-Meknès","","11422","1504429679"
"Ahlaf","Ahlaf","33.2833","-7.2000","Morocco","MA","MAR","Casablanca-Settat","","11451","1504239196"
"Amdel","Amdel","31.5617","-8.8944","Morocco","MA","MAR","Marrakech-Safi","","11438","1504656724"
"Douar Oulad Naoual","Douar Oulad Naoual","34.4936","-5.7108","Morocco","MA","MAR","Rabat-Salé-Kénitra","","11371","1504215350"
"Laqraqra","Laqraqra","32.4333","-7.4333","Morocco","MA","MAR","Marrakech-Safi","","11419","1504203728"
"Douar Sgarta","Douar Sgarta","32.1667","-7.6333","Morocco","MA","MAR","Marrakech-Safi","","11387","1504288503"
"Lamsabih","Lamsabih","32.2933","-8.6889","Morocco","MA","MAR","Marrakech-Safi","","11339","1504233689"
"Tilmi","Tilmi","31.8189","-5.7718","Morocco","MA","MAR","Drâa-Tafilalet","","11372","1504580420"
"El Ghourdane","El Ghourdane","32.3400","-8.7728","Morocco","MA","MAR","Marrakech-Safi","","11291","1504617504"
"Ouaklim Oukider","Ouaklim Oukider","31.4500","-5.5500","Morocco","MA","MAR","Drâa-Tafilalet","","11338","1504219729"
"Sidi Abdellah Ben Taazizt","Sidi Abdellah Ben Taazizt","34.0019","-5.3694","Morocco","MA","MAR","Fès-Meknès","","11227","1504278658"
"Touama","Touama","31.5339","-7.4872","Morocco","MA","MAR","Marrakech-Safi","","11243","1504529527"
"Iazizatene","Iazizatene","35.2544","-3.1150","Morocco","MA","MAR","Oriental","","11131","1504122645"
"Zaouiet Says","Zaouiet Says","32.7931","-8.6506","Morocco","MA","MAR","Casablanca-Settat","","11160","1504180910"
"Douar Jwalla","Douar Jwalla","31.8878","-7.4411","Morocco","MA","MAR","Marrakech-Safi","","11168","1504383482"
"Boujediane","Boujediane","35.1114","-5.7822","Morocco","MA","MAR","Tanger-Tétouan-Al Hoceïma","","11166","1504110188"
"Iygli","Iygli","29.5001","-9.0501","Morocco","MA","MAR","Souss-Massa","","11197","1504318474"
"Takad Sahel","Takad Sahel","30.2500","-9.5500","Morocco","MA","MAR","Souss-Massa","","10968","1504426241"
"Kariat Ben Aouda","Kariat Ben Aouda","34.7667","-5.9500","Morocco","MA","MAR","Rabat-Salé-Kénitra","","11087","1504991922"
"Oued Amlil","Oued Amlil","34.2000","-4.2833","Morocco","MA","MAR","Fès-Meknès","","10405","1504286809"
"Itzer","Itzer","32.8808","-5.0542","Morocco","MA","MAR","Drâa-Tafilalet","","10613","1504216124"
"Jafra","Jafra","31.5145","-8.7555","Morocco","MA","MAR","Marrakech-Safi","","10896","1504134756"
"Figuig","Figuig","32.1167","-1.2269","Morocco","MA","MAR","Oriental","","10872","1504487887"
"Imi Mokorn","Imi Mokorn","30.1675","-9.2322","Morocco","MA","MAR","Souss-Massa","","10748","1504588665"
"Foum Jam'a","Foum Jam'a","31.9600","-6.9800","Morocco","MA","MAR","Béni Mellal-Khénifra","","9873","1504414947"
"Douar Bouchfaa","Douar Bouchfaa","34.1014","-4.2939","Morocco","MA","MAR","Fès-Meknès","","10724","1504240184"
"Tanant","Tanant","31.8667","-6.9500","Morocco","MA","MAR","Béni Mellal-Khénifra","","10706","1504879588"
"Taouloukoult","Taouloukoult","31.2167","-9.0833","Morocco","MA","MAR","Marrakech-Safi","","10682","1504583141"
"Arbaa Sahel","Arbaa Sahel","29.5993","-9.8770","Morocco","MA","MAR","Souss-Massa","","10705","1504199672"
"Tamanar","Tamanar","31.0833","-9.6756","Morocco","MA","MAR","Marrakech-Safi","","10584","1504600694"
"Abadou","Abadou","31.5797","-7.3122","Morocco","MA","MAR","Marrakech-Safi","","10602","1504229584"
"Sidi Bousber","Sidi Bousber","34.5667","-5.3667","Morocco","MA","MAR","Tanger-Tétouan-Al Hoceïma","","10528","1504787633"
"Agdz","Agdz","30.6984","-6.4729","Morocco","MA","MAR","Drâa-Tafilalet","","10681","1504481123"
"Had Laaounate","Had Laaounate","32.6128","-8.2256","Morocco","MA","MAR","Casablanca-Settat","","10580","1504308918"
"Amtar","Amtar","35.2385","-4.7943","Morocco","MA","MAR","Tanger-Tétouan-Al Hoceïma","","10574","1504617084"
"Hetane","Hetane","32.8403","-6.8025","Morocco","MA","MAR","Béni Mellal-Khénifra","","10618","1504001674"
"Zawyat Ahançal","Zawyat Ahancal","31.8325","-6.1056","Morocco","MA","MAR","Béni Mellal-Khénifra","","10657","1504237708"
"Aïn Zora","Ain Zora","34.6575","-3.5331","Morocco","MA","MAR","Oriental","","10601","1504442402"
"Souq Sebt Says","Souq Sebt Says","32.7772","-8.6433","Morocco","MA","MAR","Casablanca-Settat","","10488","1504725186"
"Toundout","Toundout","31.2647","-6.5906","Morocco","MA","MAR","Drâa-Tafilalet","","10606","1504645333"
"Mokrisset","Mokrisset","34.9100","-5.3536","Morocco","MA","MAR","Tanger-Tétouan-Al Hoceïma","","10545","1504941621"
"Tourza","Tourza","29.3885","-9.9607","Morocco","MA","MAR","Guelmim-Oued Noun","","10577","1504097455"
"Aït Hani","Ait Hani","31.7786","-5.4555","Morocco","MA","MAR","Drâa-Tafilalet","","10587","1504963024"
"Tnine Sidi Lyamani","Tnine Sidi Lyamani","35.3700","-5.9700","Morocco","MA","MAR","Tanger-Tétouan-Al Hoceïma","","10365","1504028221"
"Tiztoutine","Tiztoutine","34.9833","-3.1500","Morocco","MA","MAR","Oriental","","9788","1504907240"
"Tilougguit","Tilougguit","32.0333","-6.2000","Morocco","MA","MAR","Béni Mellal-Khénifra","","10544","1504513715"
"Sidi Abdallah","Sidi Abdallah","32.5783","-7.8108","Morocco","MA","MAR","Marrakech-Safi","","10481","1504890231"
"Dar El Kebdani","Dar El Kebdani","35.1173","-3.3317","Morocco","MA","MAR","Oriental","","9911","1504332737"
"Douar Echbanat","Douar Echbanat","34.2167","-5.3500","Morocco","MA","MAR","Fès-Meknès","","10371","1504340049"
"Brikcha","Brikcha","34.9667","-5.5833","Morocco","MA","MAR","Tanger-Tétouan-Al Hoceïma","","10399","1504666840"
"Oulad Slim","Oulad Slim","32.7775","-7.7725","Morocco","MA","MAR","Casablanca-Settat","","10410","1504468299"
"Sidi Rahhal","Sidi Rahhal","31.6667","-7.4833","Morocco","MA","MAR","Marrakech-Safi","","9906","1504761731"
"Awfouss","Awfouss","31.7000","-4.1167","Morocco","MA","MAR","Drâa-Tafilalet","","10424","1504561866"
"Tiddas","Tiddas","33.5667","-6.2658","Morocco","MA","MAR","Rabat-Salé-Kénitra","","10047","1504837627"
"Beni Oulid","Beni Oulid","34.5897","-4.4514","Morocco","MA","MAR","Fès-Meknès","","10324","1504501654"
"Jaqma","Jaqma","33.2925","-7.4406","Morocco","MA","MAR","Casablanca-Settat","","10306","1504002032"
"Bounaamane","Bounaamane","29.5283","-9.8044","Morocco","MA","MAR","Souss-Massa","","10310","1504463740"
"Ksar Lmajaz","Ksar Lmajaz","35.8428","-5.5586","Morocco","MA","MAR","Tanger-Tétouan-Al Hoceïma","","10237","1504167905"
"Aghbalou n'Kerdous","Aghbalou n'Kerdous","31.7611","-5.3169","Morocco","MA","MAR","Drâa-Tafilalet","","10313","1504201813"
"Sgamna","Sgamna","32.7342","-7.2033","Morocco","MA","MAR","Casablanca-Settat","","10245","1504088334"
"Kenafif","Kenafif","30.4167","-9.0333","Morocco","MA","MAR","Souss-Massa","","9936","1504378442"
"La'tamna","La'tamna","31.9117","-7.3350","Morocco","MA","MAR","Marrakech-Safi","","10063","1504778865"
"Jemaat Oulad Mhamed","Jemaat Oulad Mhamed","33.0939","-7.0519","Morocco","MA","MAR","Casablanca-Settat","","10187","1504791929"
"Tissaf","Tissaf","33.4000","-3.5833","Morocco","MA","MAR","Fès-Meknès","","10191","1504419451"
"Za'roura","Za'roura","35.2167","-5.6667","Morocco","MA","MAR","Tanger-Tétouan-Al Hoceïma","","10137","1504534822"
"Ech Chaïbat","Ech Chaibat","31.6000","-7.8500","Morocco","MA","MAR","Marrakech-Safi","","9877","1504590724"
"Zaggota","Zaggota","34.1667","-5.5333","Morocco","MA","MAR","Rabat-Salé-Kénitra","","10032","1504666777"
"Taghbalt","Taghbalt","30.6200","-5.3500","Morocco","MA","MAR","Drâa-Tafilalet","","10054","1504290154"
"'Aïn Leuh","'Ain Leuh","33.3017","-5.3483","Morocco","MA","MAR","Fès-Meknès","","9669","1504668626"
"Tarhjicht","Tarhjicht","29.0565","-9.4280","Morocco","MA","MAR","Guelmim-Oued Noun","","9988","1504845971"
"Oued Laou","Oued Laou","35.4500","-5.0833","Morocco","MA","MAR","Tanger-Tétouan-Al Hoceïma","","9665","1504708598"
"Boudinar","Boudinar","35.2001","-3.6429","Morocco","MA","MAR","Oriental","","9863","1504277185"
"Kourimat","Kourimat","31.4569","-9.3131","Morocco","MA","MAR","Marrakech-Safi","","9897","1504079071"
"Outa Bouabane","Outa Bouabane","34.2606","-4.4139","Morocco","MA","MAR","Fès-Meknès","","9856","1504009188"
"Tafersit","Tafersit","35.0192","-3.5684","Morocco","MA","MAR","Oriental","","9133","1504168581"
"Saidia","Saidia","35.0850","-2.2392","Morocco","MA","MAR","Oriental","","8780","1504105811"
"Tadla","Tadla","32.4396","-8.3465","Morocco","MA","MAR","Marrakech-Safi","","9750","1504540569"
"Aklim","Aklim","34.9292","-2.4353","Morocco","MA","MAR","Oriental","","9695","1504687369"
"Aghbalou Aqourar","Aghbalou Aqourar","33.9342","-4.7381","Morocco","MA","MAR","Fès-Meknès","","9715","1504995287"
"Sidi Ahmed El Khadir","Sidi Ahmed El Khadir","32.5167","-7.3833","Morocco","MA","MAR","Casablanca-Settat","","9687","1504732408"
"Douar Lehouifrat","Douar Lehouifrat","32.2800","-8.3100","Morocco","MA","MAR","Marrakech-Safi","","9705","1504757840"
"Bni Boufrah","Bni Boufrah","35.0675","-4.3206","Morocco","MA","MAR","Tanger-Tétouan-Al Hoceïma","","9653","1504305838"
"Douar Messassa","Douar Messassa","34.2803","-4.5336","Morocco","MA","MAR","Fès-Meknès","","9501","1504026758"
"Oulad Imloul","Oulad Imloul","32.0252","-7.7160","Morocco","MA","MAR","Marrakech-Safi","","9614","1504403330"
"Sidi Bou Othmane","Sidi Bou Othmane","31.9033","-7.9422","Morocco","MA","MAR","Marrakech-Safi","","9181","1504562796"
"Tatoufet","Tatoufet","35.0339","-5.7706","Morocco","MA","MAR","Tanger-Tétouan-Al Hoceïma","","9527","1504842271"
"Bni Gmil","Bni Gmil","35.0675","-4.4242","Morocco","MA","MAR","Tanger-Tétouan-Al Hoceïma","","9513","1504140120"
"Zawyat Sidi Ben Hamdoun","Zawyat Sidi Ben Hamdoun","33.0450","-7.9292","Morocco","MA","MAR","Casablanca-Settat","","9521","1504593978"
"El Amim","El Amim","32.2064","-7.2431","Morocco","MA","MAR","Marrakech-Safi","","9454","1504410510"
"Mhâjâr","Mhajar","35.1169","-3.4917","Morocco","MA","MAR","Oriental","","9386","1504595194"
"Sidi El Hattab","Sidi El Hattab","32.2667","-7.2833","Morocco","MA","MAR","Marrakech-Safi","","9421","1504871106"
"Tissint","Tissint","29.9000","-7.3167","Morocco","MA","MAR","Souss-Massa","","9434","1504720693"
"Gammasa","Gammasa","31.4175","-8.4117","Morocco","MA","MAR","Marrakech-Safi","","9388","1504310079"
"Laghzawna","Laghzawna","33.1914","-7.6701","Morocco","MA","MAR","Casablanca-Settat","","9315","1504002065"
"Ameskroud","Ameskroud","30.5308","-9.3283","Morocco","MA","MAR","Souss-Massa","","9351","1504251726"
"Douar Ezzerarda","Douar Ezzerarda","34.7667","-5.8333","Morocco","MA","MAR","Rabat-Salé-Kénitra","","9249","1504537386"
"Tanakoub","Tanakoub","35.1091","-5.4577","Morocco","MA","MAR","Tanger-Tétouan-Al Hoceïma","","9236","1504108752"
"Oulad Cherif","Oulad Cherif","31.7667","-7.7833","Morocco","MA","MAR","Marrakech-Safi","","9237","1504980361"
"Sidi Lahsene","Sidi Lahsene","34.0999","-2.6219","Morocco","MA","MAR","Oriental","","9259","1504193134"
"Douar Snada","Douar Snada","35.0764","-4.2167","Morocco","MA","MAR","Tanger-Tétouan-Al Hoceïma","","9176","1504701788"
"Chtiba","Chtiba","32.2000","-7.3000","Morocco","MA","MAR","Marrakech-Safi","","9122","1504264885"
"Sidi Ouassay","Sidi Ouassay","30.0500","-9.6833","Morocco","MA","MAR","Souss-Massa","","9087","1504252264"
"Bir Tam Tam","Bir Tam Tam","33.9831","-4.6397","Morocco","MA","MAR","Fès-Meknès","","9141","1504669372"
"Smimou","Smimou","31.2136","-9.7058","Morocco","MA","MAR","Marrakech-Safi","","8026","1504484591"
"Mwaline al Oued","Mwaline al Oued","33.4467","-7.3283","Morocco","MA","MAR","Casablanca-Settat","","9129","1504001943"
"Gtarna","Gtarna","32.9608","-7.9222","Morocco","MA","MAR","Casablanca-Settat","","9084","1504328347"
"Iguidiy","Iguidiy","30.7467","-7.9258","Morocco","MA","MAR","Souss-Massa","","9100","1504330171"
"Bni Sidel","Bni Sidel","35.1850","-3.0481","Morocco","MA","MAR","Oriental","","8930","1504766280"
"Had Dra","Had Dra","31.5833","-9.5333","Morocco","MA","MAR","Marrakech-Safi","","8989","1504953934"
"Foum Zguid","Foum Zguid","30.0861","-6.8736","Morocco","MA","MAR","Souss-Massa","","8986","1504624650"
"Zawyat Sidi al Mekki","Zawyat Sidi al Mekki","33.2122","-7.7164","Morocco","MA","MAR","Casablanca-Settat","","8920","1504769333"
"Iskourane","Iskourane","30.8434","-9.8186","Morocco","MA","MAR","Marrakech-Safi","","8866","1504820847"
"Msemrir","Msemrir","31.7025","-5.8119","Morocco","MA","MAR","Drâa-Tafilalet","","8866","1504469179"
"Ait Ikkou","Ait Ikkou","33.5667","-5.6500","Morocco","MA","MAR","Fès-Meknès","","8865","1504000515"
"Imilchil","Imilchil","32.1550","-5.6347","Morocco","MA","MAR","Drâa-Tafilalet","","8870","1504516929"
"Aït Ouaoumana","Ait Ouaoumana","32.7128","-5.8042","Morocco","MA","MAR","Béni Mellal-Khénifra","","8849","1504002343"
"Bouhlou","Bouhlou","34.1333","-4.4000","Morocco","MA","MAR","Fès-Meknès","","8748","1504965177"
"Agadir Melloul","Agadir Melloul","30.2249","-7.7960","Morocco","MA","MAR","Souss-Massa","","8848","1504880181"
"Iaboutene","Iaboutene","35.0670","-3.9670","Morocco","MA","MAR","Tanger-Tétouan-Al Hoceïma","","8715","1504286746"
"Amarzgane","Amarzgane","31.0500","-7.2167","Morocco","MA","MAR","Drâa-Tafilalet","","8820","1504948640"
"El Marmouta","El Marmouta","32.0989","-7.3861","Morocco","MA","MAR","Marrakech-Safi","","8774","1504673974"
"Oualidia","Oualidia","32.7333","-9.0167","Morocco","MA","MAR","Casablanca-Settat","","7770","1504305960"
"Sidi Dahbi","Sidi Dahbi","33.0500","-7.1833","Morocco","MA","MAR","Casablanca-Settat","","8703","1504613432"
"Sidi el Mokhfi","Sidi el Mokhfi","34.6039","-4.7889","Morocco","MA","MAR","Fès-Meknès","","8705","1504651133"
"Hassi Berkane","Hassi Berkane","34.8392","-2.8669","Morocco","MA","MAR","Oriental","","8788","1504780736"
"Tiqqi","Tiqqi","29.7000","-9.0667","Morocco","MA","MAR","Souss-Massa","","8773","1504073397"
"Tleta Taghramt","Tleta Taghramt","35.7878","-5.4678","Morocco","MA","MAR","Tanger-Tétouan-Al Hoceïma","","8706","1504015428"
"Ben Qarrich","Ben Qarrich","35.5114","-5.4264","Morocco","MA","MAR","Tanger-Tétouan-Al Hoceïma","","8499","1504875020"
"Mirleft","Mirleft","29.5782","-10.0340","Morocco","MA","MAR","Guelmim-Oued Noun","","8162","1504612129"
"Lakhzazra","Lakhzazra","33.0333","-7.0500","Morocco","MA","MAR","Casablanca-Settat","","8582","1504277663"
"Lambarkiyine","Lambarkiyine","33.2000","-7.5000","Morocco","MA","MAR","Casablanca-Settat","","8559","1504527523"
"Oulad Khallouf","Oulad Khallouf","34.7167","-2.5833","Morocco","MA","MAR","Oriental","","8605","1504000678"
"Iksane","Iksane","35.1333","-3.0333","Morocco","MA","MAR","Oriental","","8417","1504090383"
"Talambote","Talambote","35.2500","-5.1833","Morocco","MA","MAR","Tanger-Tétouan-Al Hoceïma","","8481","1504782233"
"Laanoussar","Laanoussar","33.6833","-4.8167","Morocco","MA","MAR","Fès-Meknès","","8501","1504953318"
"Tizoual","Tizoual","30.9925","-7.8167","Morocco","MA","MAR","Souss-Massa","","8489","1504928212"
"Ait Ali Mimoune","Ait Ali Mimoune","33.7808","-5.7822","Morocco","MA","MAR","Rabat-Salé-Kénitra","","8486","1504129497"
"Moulay Bou 'azza","Moulay Bou 'azza","33.2242","-6.1981","Morocco","MA","MAR","Béni Mellal-Khénifra","","8490","1504682453"
"Boured","Boured","34.7344","-4.0947","Morocco","MA","MAR","Fès-Meknès","","8434","1504251156"
"Kerrouchen","Kerrouchen","32.7986","-5.3225","Morocco","MA","MAR","Béni Mellal-Khénifra","","7021","1504390650"
"Ghassat","Ghassat","31.1697","-6.8042","Morocco","MA","MAR","Drâa-Tafilalet","","8448","1504078332"
"Nzalat Bni Amar","Nzalat Bni Amar","34.0981","-5.4161","Morocco","MA","MAR","Fès-Meknès","","8350","1504089771"
"Douar Mezaoura","Douar Mezaoura","34.5406","-4.7294","Morocco","MA","MAR","Fès-Meknès","","8317","1504424748"
"Imoulas","Imoulas","30.7436","-8.7633","Morocco","MA","MAR","Souss-Massa","","8388","1504396596"
"Mrizig","Mrizig","32.8467","-7.1319","Morocco","MA","MAR","Casablanca-Settat","","8376","1504438094"
"Aït Tagalla","Ait Tagalla","31.9167","-6.7167","Morocco","MA","MAR","Béni Mellal-Khénifra","","8268","1504861087"
"Tarfaya","Tarfaya","27.9133","-12.9317","Morocco","MA","MAR","Laâyoune-Sakia El Hamra","","8027","1504687368"
"Souk Khmis Bni Arouss","Souk Khmis Bni Arouss","35.3064","-5.6292","Morocco","MA","MAR","Tanger-Tétouan-Al Hoceïma","","8193","1504217983"
"Oulad Chbana","Oulad Chbana","33.0500","-7.3833","Morocco","MA","MAR","Casablanca-Settat","","8081","1504908719"
"Meghraoua","Meghraoua","33.9322","-4.0456","Morocco","MA","MAR","Fès-Meknès","","8204","1504785980"
"Melqa el Ouidane","Melqa el Ouidane","34.5667","-3.0167","Morocco","MA","MAR","Oriental","","8176","1504752562"
"Fifi","Fifi","34.9500","-5.2500","Morocco","MA","MAR","Tanger-Tétouan-Al Hoceïma","","8104","1504918391"
"Kef el Rhar","Kef el Rhar","34.5075","-4.2628","Morocco","MA","MAR","Fès-Meknès","","8104","1504468214"
"Imi n-Tlit","Imi n-Tlit","31.2156","-9.5461","Morocco","MA","MAR","Marrakech-Safi","","8057","1504022682"
"Sidi 'Ali Bou Aqba","Sidi 'Ali Bou Aqba","34.8167","-3.7286","Morocco","MA","MAR","Fès-Meknès","","8083","1504964057"
"El Meghassine","El Meghassine","34.0142","-5.4619","Morocco","MA","MAR","Fès-Meknès","","8001","1504751525"
"Mezguitem","Mezguitem","34.5019","-3.6428","Morocco","MA","MAR","Oriental","","8087","1504729325"
"Tafraoutane","Tafraoutane","30.7047","-8.8819","Morocco","MA","MAR","Souss-Massa","","7999","1504732777"
"Arazane","Arazane","30.5065","-8.6157","Morocco","MA","MAR","Souss-Massa","","7999","1504049957"
"Ida Ou Azza","Ida Ou Azza","31.1533","-9.7333","Morocco","MA","MAR","Marrakech-Safi","","7923","1504982005"
"Moulay Abdelkader","Moulay Abdelkader","34.4000","-4.7167","Morocco","MA","MAR","Fès-Meknès","","7896","1504800151"
"Had Kourt","Had Kourt","34.6167","-5.7333","Morocco","MA","MAR","Rabat-Salé-Kénitra","","7843","1504993491"
"Talat-n-Ya'qoub","Talat-n-Ya'qoub","30.9914","-8.1831","Morocco","MA","MAR","Marrakech-Safi","","7866","1504941778"
"Lalla Takerkoust","Lalla Takerkoust","31.3669","-8.1331","Morocco","MA","MAR","Marrakech-Safi","","7311","1504317669"
"Sidi Ahmed Ben Aissa","Sidi Ahmed Ben Aissa","34.7114","-5.8150","Morocco","MA","MAR","Rabat-Salé-Kénitra","","7810","1504000044"
"Timezgadiouine","Timezgadiouine","30.8833","-9.0500","Morocco","MA","MAR","Marrakech-Safi","","7825","1504975235"
"Jouamaa","Jouamaa","35.6500","-5.6833","Morocco","MA","MAR","Tanger-Tétouan-Al Hoceïma","","7711","1504888787"
"Ouirgane","Ouirgane","31.1755","-8.0782","Morocco","MA","MAR","Marrakech-Safi","","7727","1504309994"
"Al Orjane","Al Orjane","33.4000","-3.7167","Morocco","MA","MAR","Fès-Meknès","","7740","1504370542"
"Zinat","Zinat","35.4333","-5.4000","Morocco","MA","MAR","Tanger-Tétouan-Al Hoceïma","","7669","1504932821"
"Anzi","Anzi","29.6569","-9.3521","Morocco","MA","MAR","Souss-Massa","","7658","1504302460"
"Oulad Hassoune","Oulad Hassoune","32.3217","-7.8964","Morocco","MA","MAR","Marrakech-Safi","","7662","1504619530"
"Aït Hadi","Ait Hadi","31.3942","-8.7725","Morocco","MA","MAR","Marrakech-Safi","","7431","1504740675"
"Mhamid el Rhozlane","Mhamid el Rhozlane","29.8222","-5.7208","Morocco","MA","MAR","Drâa-Tafilalet","","7590","1504876224"
"Beni Oual Sehira","Beni Oual Sehira","34.4333","-5.4000","Morocco","MA","MAR","Rabat-Salé-Kénitra","","7485","1504215057"
"Ras Kebdana","Ras Kebdana","35.1407","-2.4245","Morocco","MA","MAR","Oriental","","7580","1504603676"
"Ait Hammou","Ait Hammou","32.2156","-8.1733","Morocco","MA","MAR","Marrakech-Safi","","7548","1504086741"
"Adassil","Adassil","31.1078","-8.4908","Morocco","MA","MAR","Marrakech-Safi","","7454","1504025775"
"Tafetachte","Tafetachte","31.5853","-9.2519","Morocco","MA","MAR","Marrakech-Safi","","7293","1504092113"
"Douar Brarba","Douar Brarba","34.4500","-4.2972","Morocco","MA","MAR","Fès-Meknès","","7429","1504010915"
"Taznakht","Taznakht","30.5736","-7.2028","Morocco","MA","MAR","Drâa-Tafilalet","","7281","1504409798"
"Tazoult","Tazoult","30.8075","-7.7883","Morocco","MA","MAR","Souss-Massa","","7465","1504435542"
"Askawn","Askawn","30.7393","-7.7767","Morocco","MA","MAR","Souss-Massa","","7458","1504021998"
"Douar Oulad Boussaken","Douar Oulad Boussaken","32.5703","-8.1217","Morocco","MA","MAR","Casablanca-Settat","","7390","1504227931"
"Lahouarta","Lahouarta","32.9139","-7.7019","Morocco","MA","MAR","Casablanca-Settat","","7394","1504523145"
"Douar Tassift","Douar Tassift","35.5167","-5.2333","Morocco","MA","MAR","Tanger-Tétouan-Al Hoceïma","","7363","1504486132"
"Sidi al Ghandour","Sidi al Ghandour","33.8536","-6.0597","Morocco","MA","MAR","Rabat-Salé-Kénitra","","7377","1504001719"
"Oued El Makhazine","Oued El Makhazine","34.9333","-5.8500","Morocco","MA","MAR","Rabat-Salé-Kénitra","","7266","1504125049"
"Sidi 'Allal al Mçader","Sidi 'Allal al Mcader","33.8897","-6.1503","Morocco","MA","MAR","Rabat-Salé-Kénitra","","7366","1504063618"
"Oulad Cherki","Oulad Cherki","32.3333","-7.7500","Morocco","MA","MAR","Marrakech-Safi","","7399","1504684011"
"Boulemane","Boulemane","33.3660","-4.7330","Morocco","MA","MAR","Fès-Meknès","","7104","1504456116"
"Bou Iferda","Bou Iferda","32.3567","-5.8350","Morocco","MA","MAR","Béni Mellal-Khénifra","","7391","1504135915"
"Arbaa Ayacha","Arbaa Ayacha","35.3830","-5.8333","Morocco","MA","MAR","Tanger-Tétouan-Al Hoceïma","","7335","1504048390"
"Douar Drissiine","Douar Drissiine","32.0242","-7.2811","Morocco","MA","MAR","Marrakech-Safi","","7143","1504880214"
"Ouardana","Ouardana","35.0708","-3.4217","Morocco","MA","MAR","Oriental","","7120","1504124443"
"Nkob","Nkob","30.8722","-5.8639","Morocco","MA","MAR","Drâa-Tafilalet","","7209","1504818870"
"Assoul","Assoul","31.9458","-5.2083","Morocco","MA","MAR","Drâa-Tafilalet","","7165","1504249186"
"Rouadi","Rouadi","35.1403","-4.1347","Morocco","MA","MAR","Tanger-Tétouan-Al Hoceïma","","7131","1504000935"
"Douar Oulad Amer","Douar Oulad Amer","32.0697","-7.2142","Morocco","MA","MAR","Marrakech-Safi","","7015","1504780746"
"Timlilt","Timlilt","31.0336","-9.1392","Morocco","MA","MAR","Marrakech-Safi","","7078","1504631543"
"Oued Naanaa","Oued Naanaa","33.0167","-7.3333","Morocco","MA","MAR","Casablanca-Settat","","6991","1504436165"
"Assebbab","Assebbab","35.1333","-3.0833","Morocco","MA","MAR","Oriental","","7069","1504910699"
"Sidi Yahia Sawad","Sidi Yahia Sawad","32.6833","-5.5833","Morocco","MA","MAR","Béni Mellal-Khénifra","","7051","1504401083"
"Ichemrarn","Ichemrarn","31.0961","-9.1700","Morocco","MA","MAR","Marrakech-Safi","","7023","1504515709"
"Mzefroune","Mzefroune","34.8422","-5.6842","Morocco","MA","MAR","Tanger-Tétouan-Al Hoceïma","","6973","1504310085"
"Zaouiat Sidi Hammou Ben Hmida","Zaouiat Sidi Hammou Ben Hmida","31.7547","-9.3717","Morocco","MA","MAR","Marrakech-Safi","","6922","1504149973"
"Taliwine","Taliwine","30.5328","-7.9256","Morocco","MA","MAR","Souss-Massa","","6727","1504041723"
"Oulad Sbih","Oulad Sbih","33.7333","-7.2000","Morocco","MA","MAR","Casablanca-Settat","","6616","1504033194"
"Assais","Assais","30.9131","-9.2439","Morocco","MA","MAR","Souss-Massa","","6915","1504936692"
"Azgour","Azgour","31.3500","-7.5000","Morocco","MA","MAR","Marrakech-Safi","","6865","1504553216"
"Tizi Ouzli","Tizi Ouzli","34.7625","-3.7953","Morocco","MA","MAR","Fès-Meknès","","6639","1504925242"
"El Maader El Kabir","El Maader El Kabir","29.8502","-9.6575","Morocco","MA","MAR","Souss-Massa","","6885","1504011202"
"Ait Said","Ait Said","31.4458","-9.4383","Morocco","MA","MAR","Marrakech-Safi","","6819","1504779816"
"Akka","Akka","29.3908","-8.2564","Morocco","MA","MAR","Souss-Massa","","6870","1504969924"
"Assays","Assays","30.5981","-7.6523","Morocco","MA","MAR","Souss-Massa","","6838","1504418759"
"Ghafsaï","Ghafsai","34.6333","-4.9167","Morocco","MA","MAR","Fès-Meknès","","6361","1504792927"
"Mejji","Mejji","31.5500","-9.3500","Morocco","MA","MAR","Marrakech-Safi","","6750","1504430967"
"Znada","Znada","31.2333","-8.7333","Morocco","MA","MAR","Marrakech-Safi","","6712","1504673624"
"Douar el Caïd el Gueddari","Douar el Caid el Gueddari","34.4167","-6.0833","Morocco","MA","MAR","Rabat-Salé-Kénitra","","6643","1504692098"
"Zerkat","Zerkat","34.8819","-4.2803","Morocco","MA","MAR","Tanger-Tétouan-Al Hoceïma","","6691","1504911478"
"Timoulilt","Timoulilt","32.2000","-6.4667","Morocco","MA","MAR","Béni Mellal-Khénifra","","6616","1504000474"
"Khmis Sidi Yahia","Khmis Sidi Yahia","33.7983","-6.2653","Morocco","MA","MAR","Rabat-Salé-Kénitra","","6673","1504769698"
"Ijoukak","Ijoukak","30.9931","-8.1528","Morocco","MA","MAR","Marrakech-Safi","","6700","1504280376"
"Douar Oulad Mkoudou","Douar Oulad Mkoudou","33.8136","-4.5169","Morocco","MA","MAR","Fès-Meknès","","6667","1504596708"
"Et Tnine des Beni Ammart","Et Tnine des Beni Ammart","34.8119","-4.1581","Morocco","MA","MAR","Tanger-Tétouan-Al Hoceïma","","6654","1504884877"
"Tafingoult","Tafingoult","30.7667","-8.3833","Morocco","MA","MAR","Souss-Massa","","6635","1504703752"
"Douar El Gouzal","Douar El Gouzal","34.5019","-4.1567","Morocco","MA","MAR","Fès-Meknès","","6575","1504849237"
"Ras Ijerri","Ras Ijerri","33.7833","-5.7167","Morocco","MA","MAR","Fès-Meknès","","6502","1504755356"
"Douar Tassila Imassouane","Douar Tassila Imassouane","31.1386","-9.6092","Morocco","MA","MAR","Marrakech-Safi","","6486","1504969578"
"Mestigmer","Mestigmer","34.4868","-2.6883","Morocco","MA","MAR","Oriental","","6469","1504091649"
"Ida Ou Gaïlal","Ida Ou Gailal","30.6383","-8.6327","Morocco","MA","MAR","Souss-Massa","","6436","1504833477"
"Ras Tabouda","Ras Tabouda","34.0000","-4.7167","Morocco","MA","MAR","Fès-Meknès","","6388","1504984895"
"Saïdat","Saidat","31.3442","-8.7053","Morocco","MA","MAR","Marrakech-Safi","","6427","1504422159"
"Tancherfi","Tancherfi","34.3539","-2.6255","Morocco","MA","MAR","Oriental","","6433","1504259031"
"Tafraout","Tafraout","29.7167","-8.9667","Morocco","MA","MAR","Souss-Massa","","6345","1504092671"
"Tiyghmi","Tiyghmi","29.5875","-9.4063","Morocco","MA","MAR","Souss-Massa","","6396","1504493418"
"Beni Sidal Louta","Beni Sidal Louta","35.1069","-3.0656","Morocco","MA","MAR","Oriental","","6283","1504185790"
"Douar Oulad Jaber","Douar Oulad Jaber","32.3011","-7.2053","Morocco","MA","MAR","Marrakech-Safi","","6254","1504389005"
"Souq at Tlata des Loulad","Souq at Tlata des Loulad","32.9833","-7.1333","Morocco","MA","MAR","Casablanca-Settat","","6057","1504064143"
"Tazouta","Tazouta","33.6667","-4.6333","Morocco","MA","MAR","Fès-Meknès","","6227","1504969282"
"Amrharas","Amrharas","31.2100","-8.1834","Morocco","MA","MAR","Marrakech-Safi","","6160","1504607858"
"Bir Anzarane","Bir Anzarane","23.8883","-14.5306","Morocco","MA","MAR","","","6244","1504999993"
"Ida Ou Moumene","Ida Ou Moumene","30.5983","-9.0025","Morocco","MA","MAR","Souss-Massa","","6105","1504225477"
"Kechoulah","Kechoulah","31.5592","-9.2483","Morocco","MA","MAR","Marrakech-Safi","","6083","1504260348"
"Sidi Mbark","Sidi Mbark","29.2987","-9.8250","Morocco","MA","MAR","Guelmim-Oued Noun","","6110","1504119639"
"Moulay Bouzarqtoune","Moulay Bouzarqtoune","31.6500","-9.6833","Morocco","MA","MAR","Marrakech-Safi","","6069","1504475079"
"Tazemmourt","Tazemmourt","30.4083","-8.8269","Morocco","MA","MAR","Souss-Massa","","6073","1504630926"
"Oulad Amghar","Oulad Amghar","35.2500","-3.6500","Morocco","MA","MAR","Oriental","","6010","1504107608"
"Bni Abdellah","Bni Abdellah","35.0728","-4.0706","Morocco","MA","MAR","Tanger-Tétouan-Al Hoceïma","","5983","1504129037"
"Douar Tazrout","Douar Tazrout","35.2631","-5.5453","Morocco","MA","MAR","Tanger-Tétouan-Al Hoceïma","","5974","1504248644"
"Douar Oulad Bou Krae El Fouqani","Douar Oulad Bou Krae El Fouqani","31.5617","-8.8944","Morocco","MA","MAR","Marrakech-Safi","","5944","1504952794"
"Tinzart","Tinzart","30.6167","-7.7500","Morocco","MA","MAR","Souss-Massa","","5902","1504328617"
"El Arba Bouzemmour","El Arba Bouzemmour","31.0061","-9.4042","Morocco","MA","MAR","Marrakech-Safi","","5874","1504429471"
"Aït Ouakrim","Ait Ouakrim","30.0297","-9.2478","Morocco","MA","MAR","Souss-Massa","","5817","1504983341"
"Amersid","Amersid","32.7500","-4.4667","Morocco","MA","MAR","Drâa-Tafilalet","","5857","1504518823"
"Ighil","Ighil","31.4167","-7.6500","Morocco","MA","MAR","Marrakech-Safi","","5695","1504746250"
"Sidi Harazem","Sidi Harazem","34.0278","-4.8833","Morocco","MA","MAR","Fès-Meknès","","5622","1504551326"
"Bni Hadifa","Bni Hadifa","35.0228","-4.1408","Morocco","MA","MAR","Tanger-Tétouan-Al Hoceïma","","5594","1504546042"
"Aït el Farsi","Ait el Farsi","31.3500","-5.3000","Morocco","MA","MAR","Drâa-Tafilalet","","5754","1504637843"
"Oulad Zarrad","Oulad Zarrad","31.8750","-7.4217","Morocco","MA","MAR","Marrakech-Safi","","5606","1504400512"
"El Aargub","El Aargub","23.6111","-15.8583","Morocco","MA","MAR","","","5759","1504003879"
"Tichla","Tichla","21.6100","-15.0000","Morocco","MA","MAR","","","5743","1504002816"
"Dhar Souk","Dhar Souk","34.6519","-4.2786","Morocco","MA","MAR","Fès-Meknès","","5182","1504426669"
"Ait Ban","Ait Ban","30.0712","-9.1578","Morocco","MA","MAR","Souss-Massa","","5668","1504781280"
"Tafadna","Tafadna","31.0958","-9.8208","Morocco","MA","MAR","Marrakech-Safi","","5617","1504327046"
"Mechra-Hommadi","Mechra-Hommadi","34.7233","-2.7918","Morocco","MA","MAR","Oriental","","5646","1504851052"
"Jemaat Moul Blad","Jemaat Moul Blad","33.5881","-6.4264","Morocco","MA","MAR","Rabat-Salé-Kénitra","","5619","1504401838"
"Ajdir","Ajdir","35.1930","-3.9120","Morocco","MA","MAR","Tanger-Tétouan-Al Hoceïma","","5314","1504143111"
"Guenfouda","Guenfouda","34.4836","-2.0456","Morocco","MA","MAR","Oriental","","5591","1504244956"
"Imigdal","Imigdal","31.1097","-8.1336","Morocco","MA","MAR","Marrakech-Safi","","5467","1504551611"
"Bine Al Widane","Bine Al Widane","32.1083","-6.4750","Morocco","MA","MAR","Béni Mellal-Khénifra","","5421","1504956807"
"Imouzzer des Ida ou Tanane","Imouzzer des Ida ou Tanane","30.6800","-9.4829","Morocco","MA","MAR","Souss-Massa","","5402","1504647045"
"Taghazout","Taghazout","30.5456","-9.7097","Morocco","MA","MAR","Souss-Massa","","5260","1504115261"
"Taliouîne","Taliouine","35.1483","-3.5478","Morocco","MA","MAR","Oriental","","5208","1504533858"
"Tizagzawine","Tizagzawine","31.0000","-7.1500","Morocco","MA","MAR","Drâa-Tafilalet","","5272","1504386039"
"Timzguida Ouftas","Timzguida Ouftas","30.9908","-9.7994","Morocco","MA","MAR","Marrakech-Safi","","5189","1504603244"
"Izmorene","Izmorene","35.1833","-4.0000","Morocco","MA","MAR","Tanger-Tétouan-Al Hoceïma","","5153","1504733542"
"Tiouli","Tiouli","34.4542","-1.8986","Morocco","MA","MAR","Oriental","","5199","1504000263"
"Akarma","Akarma","31.8667","-7.6500","Morocco","MA","MAR","Marrakech-Safi","","5171","1504341141"
"Douar Oulad Amer Leqliaa","Douar Oulad Amer Leqliaa","32.2536","-8.3972","Morocco","MA","MAR","Marrakech-Safi","","5150","1504391130"
"Aghbar","Aghbar","30.5167","-6.8167","Morocco","MA","MAR","Drâa-Tafilalet","","5182","1504661685"
"Bigoudine","Bigoudine","30.7185","-9.2101","Morocco","MA","MAR","Souss-Massa","","5131","1504170276"
"Oulad Messaoud","Oulad Messaoud","32.1883","-7.1808","Morocco","MA","MAR","Marrakech-Safi","","5011","1504000863"
"Fezouane","Fezouane","34.9164","-2.2042","Morocco","MA","MAR","Oriental","","5089","1504814812"
"Bab Boudir","Bab Boudir","34.0697","-4.1203","Morocco","MA","MAR","Fès-Meknès","","5082","1504971490"
"Reçani","Recani","31.2847","-4.2687","Morocco","MA","MAR","Drâa-Tafilalet","","5010","1504410951"
"Moulay Driss Aghbal","Moulay Driss Aghbal","33.7897","-6.4986","Morocco","MA","MAR","Rabat-Salé-Kénitra","","5043","1504488156"
"Azrar","Azrar","30.1702","-7.9234","Morocco","MA","MAR","Souss-Massa","","5038","1504788203"
"Uad Damran","Uad Damran","27.4617","-12.9941","Morocco","MA","MAR","Laâyoune-Sakia El Hamra","","1108","1504003880"
"Oulad 'Azzouz","Oulad 'Azzouz","32.7693","-6.7543","Morocco","MA","MAR","Béni Mellal-Khénifra","","9815","1504559202"
"Bou Zemou","Bou Zemou","32.1114","-5.5197","Morocco","MA","MAR","Drâa-Tafilalet","","9583","1504737844"
"Douar Oulad Bouziane","Douar Oulad Bouziane","34.2083","-5.0522","Morocco","MA","MAR","Fès-Meknès","","9372","1504500363"
"Douar El Mellaliyine","Douar El Mellaliyine","35.6264","-5.3414","Morocco","MA","MAR","Tanger-Tétouan-Al Hoceïma","","9177","1504244223"
"Alougoum","Alougoum","30.2778","-6.8292","Morocco","MA","MAR","Souss-Massa","","8418","1504934074"
"Matarka","Matarka","33.2611","-2.7031","Morocco","MA","MAR","Oriental","","7986","1504787880"
"Ain Bida","Ain Bida","33.9856","-4.8931","Morocco","MA","MAR","Fès-Meknès","","7843","1504328927"
"Mzizal","Mzizal","32.2269","-4.6475","Morocco","MA","MAR","Drâa-Tafilalet","","7388","1504422464"
"Bghaghza","Bghaghza","35.4590","-5.6023","Morocco","MA","MAR","Tanger-Tétouan-Al Hoceïma","","6955","1504056855"
"Sidi Bettach","Sidi Bettach","33.5667","-6.8936","Morocco","MA","MAR","Casablanca-Settat","","6927","1504148731"
"Outerbat","Outerbat","32.1433","-5.3503","Morocco","MA","MAR","Drâa-Tafilalet","","6819","1504337634"
"Taouz","Taouz","30.9069","-3.9958","Morocco","MA","MAR","Drâa-Tafilalet","","6792","1504003008"
"Beni Khaled","Beni Khaled","34.8608","-2.0331","Morocco","MA","MAR","Oriental","","6745","1504630441"
"Saddina","Saddina","35.6633","-5.4886","Morocco","MA","MAR","Tanger-Tétouan-Al Hoceïma","","6670","1504575268"
"Adis","Adis","29.6919","-7.9856","Morocco","MA","MAR","Souss-Massa","","6511","1504618644"
"Akka Irene","Akka Irene","29.9919","-7.5322","Morocco","MA","MAR","Souss-Massa","","6452","1504794987"
"Tadighoust","Tadighoust","31.8017","-4.9673","Morocco","MA","MAR","Drâa-Tafilalet","","6243","1504206473"
"Oum Azza","Oum Azza","33.8808","-6.7858","Morocco","MA","MAR","Rabat-Salé-Kénitra","","6197","1504917915"
"Oulad Aïssa","Oulad Aissa","33.0528","-6.4034","Morocco","MA","MAR","Béni Mellal-Khénifra","","5845","1504001478"
"Zawyat Sidi Hamza","Zawyat Sidi Hamza","32.4403","-4.7114","Morocco","MA","MAR","Drâa-Tafilalet","","5454","1504730287"
"Aït Athmane","Ait Athmane","30.6600","-5.4900","Morocco","MA","MAR","Drâa-Tafilalet","","5439","1504770221"
"Timoulay Izder","Timoulay Izder","29.1228","-9.5992","Morocco","MA","MAR","Guelmim-Oued Noun","","5325","1504481720"
"Tafetchna","Tafetchna","30.6505","-5.8524","Morocco","MA","MAR","Drâa-Tafilalet","","5258","1504486382"
"Ez Zinat","Ez Zinat","35.6519","-5.7328","Morocco","MA","MAR","Tanger-Tétouan-Al Hoceïma","","5153","1504808486"
"Souk el Had-des Beni-Batao","Souk el Had-des Beni-Batao","32.8275","-6.2889","Morocco","MA","MAR","Béni Mellal-Khénifra","","5113","1504774901"
"Lemsid","Lemsid","26.5482","-13.8482","Morocco","MA","MAR","Laâyoune-Sakia El Hamra","","100","1504999975"
